,Entity,Code,Year,Schizophrenia disorders (share of population) - Sex: Both - Age: Age-standardized,Depressive disorders (share of population) - Sex: Both - Age: Age-standardized,Anxiety disorders (share of population) - Sex: Both - Age: Age-standardized,Bipolar disorders (share of population) - Sex: Both - Age: Age-standardized,Eating disorders (share of population) - Sex: Both - Age: Age-standardized
0,Afghanistan,AFG,1990,0.22,5.0,4.71,0.7,0.13
1,Afghanistan,AFG,1991,0.22,4.99,4.7,0.7,0.12
2,Afghanistan,AFG,1992,0.22,4.98,4.68,0.7,0.12
3,Afghanistan,AFG,1993,0.22,4.98,4.67,0.7,0.12
4,Afghanistan,AFG,1994,0.22,4.98,4.67,0.7,0.11
5,Afghanistan,AFG,1995,0.22,4.98,4.67,0.7,0.11
6,Afghanistan,AFG,1996,0.22,4.98,4.67,0.7,0.11
7,Afghanistan,AFG,1997,0.22,4.99,4.67,0.7,0.1
8,Afghanistan,AFG,1998,0.22,5.0,4.67,0.7,0.1
9,Afghanistan,AFG,1999,0.22,5.0,4.67,0.7,0.1
10,Afghanistan,AFG,2000,0.21,5.01,4.68,0.7,0.09
11,Afghanistan,AFG,2001,0.21,5.0,4.68,0.7,0.09
12,Afghanistan,AFG,2002,0.21,4.99,4.67,0.7,0.09
13,Afghanistan,AFG,2003,0.21,4.98,4.67,0.7,0.09
14,Afghanistan,AFG,2004,0.21,4.97,4.67,0.7,0.1
15,Afghanistan,AFG,2005,0.21,4.97,4.67,0.7,0.1
16,Afghanistan,AFG,2006,0.21,4.96,4.68,0.7,0.1
17,Afghanistan,AFG,2007,0.21,4.96,4.68,0.7,0.1
18,Afghanistan,AFG,2008,0.22,4.95,4.69,0.7,0.1
19,Afghanistan,AFG,2009,0.22,4.95,4.7,0.7,0.1
20,Afghanistan,AFG,2010,0.22,4.95,4.7,0.7,0.1
21,Afghanistan,AFG,2011,0.22,4.95,4.72,0.7,0.11
22,Afghanistan,AFG,2012,0.22,4.94,4.74,0.7,0.11
23,Afghanistan,AFG,2013,0.22,4.94,4.77,0.7,0.11
24,Afghanistan,AFG,2014,0.22,4.94,4.79,0.7,0.11
25,Afghanistan,AFG,2015,0.22,4.94,4.81,0.7,0.12
26,Afghanistan,AFG,2016,0.22,4.94,4.82,0.7,0.12
27,Afghanistan,AFG,2017,0.22,4.93,4.82,0.7,0.12
28,Afghanistan,AFG,2018,0.22,4.94,4.83,0.7,0.12
29,Afghanistan,AFG,2019,0.22,4.95,4.85,0.7,0.12
60,Albania,ALB,1990,0.28,2.38,3.66,0.54,0.1
61,Albania,ALB,1991,0.28,2.38,3.66,0.54,0.1
62,Albania,ALB,1992,0.28,2.38,3.67,0.54,0.1
63,Albania,ALB,1993,0.28,2.39,3.67,0.54,0.1
64,Albania,ALB,1994,0.28,2.39,3.68,0.54,0.1
65,Albania,ALB,1995,0.28,2.39,3.68,0.54,0.1
66,Albania,ALB,1996,0.28,2.4,3.69,0.54,0.1
67,Albania,ALB,1997,0.28,2.41,3.69,0.54,0.1
68,Albania,ALB,1998,0.28,2.42,3.69,0.54,0.1
69,Albania,ALB,1999,0.28,2.43,3.7,0.54,0.1
70,Albania,ALB,2000,0.28,2.45,3.71,0.54,0.1
71,Albania,ALB,2001,0.28,2.45,3.71,0.54,0.1
72,Albania,ALB,2002,0.28,2.46,3.71,0.54,0.11
73,Albania,ALB,2003,0.28,2.47,3.72,0.54,0.11
74,Albania,ALB,2004,0.28,2.47,3.72,0.54,0.11
75,Albania,ALB,2005,0.28,2.47,3.72,0.54,0.11
76,Albania,ALB,2006,0.28,2.47,3.72,0.54,0.11
77,Albania,ALB,2007,0.28,2.46,3.73,0.54,0.12
78,Albania,ALB,2008,0.28,2.45,3.74,0.54,0.12
79,Albania,ALB,2009,0.28,2.45,3.75,0.54,0.12
80,Albania,ALB,2010,0.29,2.44,3.76,0.54,0.12
81,Albania,ALB,2011,0.29,2.44,3.77,0.54,0.12
82,Albania,ALB,2012,0.29,2.44,3.78,0.54,0.13
83,Albania,ALB,2013,0.29,2.44,3.8,0.54,0.13
84,Albania,ALB,2014,0.29,2.44,3.81,0.54,0.13
85,Albania,ALB,2015,0.29,2.44,3.82,0.54,0.13
86,Albania,ALB,2016,0.29,2.44,3.82,0.54,0.13
87,Albania,ALB,2017,0.29,2.44,3.81,0.54,0.13
88,Albania,ALB,2018,0.29,2.45,3.82,0.54,0.14
89,Albania,ALB,2019,0.29,2.46,3.84,0.54,0.14
90,Algeria,DZA,1990,0.25,4.25,4.63,0.76,0.19
91,Algeria,DZA,1991,0.25,4.24,4.63,0.76,0.19
92,Algeria,DZA,1992,0.25,4.22,4.63,0.76,0.19
93,Algeria,DZA,1993,0.25,4.21,4.63,0.76,0.19
94,Algeria,DZA,1994,0.25,4.2,4.63,0.76,0.19
95,Algeria,DZA,1995,0.25,4.19,4.63,0.76,0.19
96,Algeria,DZA,1996,0.25,4.19,4.63,0.76,0.19
97,Algeria,DZA,1997,0.25,4.18,4.63,0.76,0.19
98,Algeria,DZA,1998,0.25,4.18,4.63,0.76,0.18
99,Algeria,DZA,1999,0.25,4.17,4.63,0.76,0.18
100,Algeria,DZA,2000,0.25,4.17,4.64,0.76,0.18
101,Algeria,DZA,2001,0.25,4.16,4.64,0.76,0.18
102,Algeria,DZA,2002,0.25,4.15,4.64,0.76,0.19
103,Algeria,DZA,2003,0.25,4.14,4.65,0.76,0.19
104,Algeria,DZA,2004,0.25,4.13,4.65,0.76,0.19
105,Algeria,DZA,2005,0.25,4.12,4.65,0.76,0.19
106,Algeria,DZA,2006,0.25,4.11,4.65,0.76,0.19
107,Algeria,DZA,2007,0.25,4.09,4.66,0.76,0.2
108,Algeria,DZA,2008,0.25,4.07,4.66,0.76,0.2
109,Algeria,DZA,2009,0.25,4.06,4.66,0.76,0.2
110,Algeria,DZA,2010,0.25,4.05,4.66,0.76,0.2
111,Algeria,DZA,2011,0.25,4.05,4.67,0.76,0.2
112,Algeria,DZA,2012,0.25,4.06,4.68,0.76,0.2
113,Algeria,DZA,2013,0.25,4.07,4.7,0.76,0.2
114,Algeria,DZA,2014,0.25,4.08,4.71,0.76,0.2
115,Algeria,DZA,2015,0.25,4.08,4.72,0.76,0.21
116,Algeria,DZA,2016,0.25,4.07,4.73,0.76,0.21
117,Algeria,DZA,2017,0.25,4.06,4.74,0.76,0.21
118,Algeria,DZA,2018,0.25,4.09,4.75,0.76,0.21
119,Algeria,DZA,2019,0.25,4.13,4.77,0.76,0.21
150,American Samoa,ASM,1990,0.31,2.68,3.93,0.28,0.14
151,American Samoa,ASM,1991,0.31,2.68,3.93,0.28,0.14
152,American Samoa,ASM,1992,0.31,2.67,3.93,0.28,0.14
153,American Samoa,ASM,1993,0.31,2.67,3.93,0.28,0.14
154,American Samoa,ASM,1994,0.31,2.66,3.94,0.28,0.13
155,American Samoa,ASM,1995,0.31,2.66,3.94,0.28,0.13
156,American Samoa,ASM,1996,0.31,2.65,3.94,0.28,0.13
157,American Samoa,ASM,1997,0.31,2.65,3.95,0.28,0.13
158,American Samoa,ASM,1998,0.31,2.65,3.95,0.28,0.13
159,American Samoa,ASM,1999,0.31,2.64,3.96,0.28,0.13
160,American Samoa,ASM,2000,0.31,2.64,3.96,0.28,0.13
161,American Samoa,ASM,2001,0.31,2.64,3.96,0.28,0.13
162,American Samoa,ASM,2002,0.31,2.64,3.95,0.28,0.13
163,American Samoa,ASM,2003,0.31,2.64,3.95,0.28,0.13
164,American Samoa,ASM,2004,0.31,2.63,3.94,0.28,0.13
165,American Samoa,ASM,2005,0.31,2.63,3.94,0.28,0.13
166,American Samoa,ASM,2006,0.31,2.63,3.94,0.28,0.13
167,American Samoa,ASM,2007,0.31,2.62,3.95,0.28,0.13
168,American Samoa,ASM,2008,0.31,2.62,3.97,0.28,0.13
169,American Samoa,ASM,2009,0.31,2.62,3.98,0.28,0.13
170,American Samoa,ASM,2010,0.31,2.62,3.99,0.28,0.13
171,American Samoa,ASM,2011,0.31,2.62,4.0,0.28,0.13
172,American Samoa,ASM,2012,0.31,2.62,4.01,0.28,0.13
173,American Samoa,ASM,2013,0.31,2.62,4.02,0.28,0.13
174,American Samoa,ASM,2014,0.31,2.63,4.03,0.28,0.13
175,American Samoa,ASM,2015,0.31,2.63,4.03,0.28,0.13
176,American Samoa,ASM,2016,0.31,2.63,4.03,0.28,0.13
177,American Samoa,ASM,2017,0.31,2.63,4.02,0.28,0.13
178,American Samoa,ASM,2018,0.31,2.64,4.02,0.28,0.13
179,American Samoa,ASM,2019,0.3,2.66,4.04,0.28,0.13
180,Andorra,AND,1990,0.29,3.67,5.33,0.93,0.47
181,Andorra,AND,1991,0.29,3.66,5.33,0.93,0.47
182,Andorra,AND,1992,0.29,3.65,5.35,0.93,0.47
183,Andorra,AND,1993,0.29,3.64,5.35,0.93,0.47
184,Andorra,AND,1994,0.29,3.63,5.37,0.93,0.47
185,Andorra,AND,1995,0.29,3.63,5.38,0.93,0.47
186,Andorra,AND,1996,0.29,3.63,5.39,0.93,0.47
187,Andorra,AND,1997,0.29,3.62,5.39,0.93,0.47
188,Andorra,AND,1998,0.29,3.61,5.39,0.93,0.48
189,Andorra,AND,1999,0.29,3.61,5.4,0.93,0.48
190,Andorra,AND,2000,0.29,3.6,5.4,0.93,0.48
191,Andorra,AND,2001,0.29,3.6,5.41,0.93,0.49
192,Andorra,AND,2002,0.29,3.59,5.42,0.93,0.5
193,Andorra,AND,2003,0.29,3.58,5.42,0.93,0.51
194,Andorra,AND,2004,0.29,3.57,5.42,0.93,0.51
195,Andorra,AND,2005,0.29,3.56,5.41,0.93,0.51
196,Andorra,AND,2006,0.29,3.55,5.41,0.93,0.51
197,Andorra,AND,2007,0.29,3.54,5.4,0.93,0.51
198,Andorra,AND,2008,0.29,3.54,5.39,0.93,0.52
199,Andorra,AND,2009,0.29,3.53,5.39,0.93,0.52
200,Andorra,AND,2010,0.29,3.53,5.39,0.93,0.52
201,Andorra,AND,2011,0.29,3.55,5.41,0.94,0.52
202,Andorra,AND,2012,0.29,3.55,5.43,0.94,0.52
203,Andorra,AND,2013,0.29,3.56,5.44,0.94,0.51
204,Andorra,AND,2014,0.29,3.57,5.46,0.94,0.51
205,Andorra,AND,2015,0.29,3.57,5.46,0.94,0.51
206,Andorra,AND,2016,0.29,3.56,5.46,0.94,0.51
207,Andorra,AND,2017,0.29,3.56,5.45,0.93,0.52
208,Andorra,AND,2018,0.29,3.57,5.45,0.93,0.52
209,Andorra,AND,2019,0.29,3.61,5.45,0.93,0.52
210,Angola,AGO,1990,0.21,5.95,3.95,0.55,0.11
211,Angola,AGO,1991,0.21,5.95,3.95,0.55,0.11
212,Angola,AGO,1992,0.21,5.96,3.95,0.55,0.11
213,Angola,AGO,1993,0.21,5.96,3.96,0.55,0.1
214,Angola,AGO,1994,0.21,5.96,3.96,0.55,0.1
215,Angola,AGO,1995,0.21,5.96,3.96,0.55,0.1
216,Angola,AGO,1996,0.21,5.95,3.97,0.55,0.1
217,Angola,AGO,1997,0.21,5.94,3.97,0.55,0.1
218,Angola,AGO,1998,0.21,5.93,3.97,0.55,0.1
219,Angola,AGO,1999,0.21,5.92,3.97,0.55,0.1
220,Angola,AGO,2000,0.21,5.91,3.98,0.55,0.1
221,Angola,AGO,2001,0.21,5.9,3.98,0.55,0.1
222,Angola,AGO,2002,0.21,5.88,3.98,0.55,0.1
223,Angola,AGO,2003,0.21,5.86,3.98,0.55,0.1
224,Angola,AGO,2004,0.21,5.85,3.99,0.55,0.11
225,Angola,AGO,2005,0.21,5.83,3.99,0.55,0.11
226,Angola,AGO,2006,0.21,5.82,3.99,0.55,0.11
227,Angola,AGO,2007,0.21,5.8,3.99,0.55,0.11
228,Angola,AGO,2008,0.22,5.78,3.98,0.55,0.12
229,Angola,AGO,2009,0.22,5.76,3.98,0.55,0.12
230,Angola,AGO,2010,0.22,5.75,3.98,0.55,0.12
231,Angola,AGO,2011,0.22,5.75,3.98,0.55,0.13
232,Angola,AGO,2012,0.22,5.75,3.98,0.55,0.13
233,Angola,AGO,2013,0.22,5.74,3.97,0.55,0.13
234,Angola,AGO,2014,0.22,5.75,3.97,0.55,0.13
235,Angola,AGO,2015,0.22,5.75,3.97,0.55,0.13
236,Angola,AGO,2016,0.22,5.75,3.97,0.55,0.14
237,Angola,AGO,2017,0.22,5.76,3.97,0.55,0.14
238,Angola,AGO,2018,0.22,5.75,3.95,0.55,0.14
239,Angola,AGO,2019,0.22,5.74,3.93,0.55,0.14
240,Antigua and Barbuda,ATG,1990,0.28,3.03,4.28,0.95,0.23
241,Antigua and Barbuda,ATG,1991,0.28,2.99,4.27,0.95,0.24
242,Antigua and Barbuda,ATG,1992,0.28,2.96,4.26,0.95,0.24
243,Antigua and Barbuda,ATG,1993,0.28,2.94,4.26,0.95,0.24
244,Antigua and Barbuda,ATG,1994,0.28,2.92,4.26,0.95,0.25
245,Antigua and Barbuda,ATG,1995,0.28,2.92,4.26,0.95,0.25
246,Antigua and Barbuda,ATG,1996,0.29,2.92,4.26,0.95,0.25
247,Antigua and Barbuda,ATG,1997,0.29,2.93,4.27,0.95,0.25
248,Antigua and Barbuda,ATG,1998,0.29,2.94,4.28,0.95,0.25
249,Antigua and Barbuda,ATG,1999,0.29,2.95,4.29,0.95,0.25
250,Antigua and Barbuda,ATG,2000,0.29,2.95,4.29,0.95,0.25
251,Antigua and Barbuda,ATG,2001,0.29,2.96,4.29,0.95,0.25
252,Antigua and Barbuda,ATG,2002,0.29,2.96,4.29,0.95,0.26
253,Antigua and Barbuda,ATG,2003,0.29,2.96,4.28,0.95,0.26
254,Antigua and Barbuda,ATG,2004,0.29,2.96,4.28,0.95,0.26
255,Antigua and Barbuda,ATG,2005,0.29,2.95,4.27,0.95,0.26
256,Antigua and Barbuda,ATG,2006,0.29,2.94,4.27,0.95,0.26
257,Antigua and Barbuda,ATG,2007,0.29,2.91,4.28,0.95,0.26
258,Antigua and Barbuda,ATG,2008,0.29,2.88,4.29,0.95,0.27
259,Antigua and Barbuda,ATG,2009,0.29,2.86,4.29,0.95,0.27
260,Antigua and Barbuda,ATG,2010,0.29,2.84,4.3,0.95,0.27
261,Antigua and Barbuda,ATG,2011,0.29,2.85,4.3,0.95,0.27
262,Antigua and Barbuda,ATG,2012,0.29,2.87,4.31,0.95,0.27
263,Antigua and Barbuda,ATG,2013,0.29,2.88,4.33,0.95,0.27
264,Antigua and Barbuda,ATG,2014,0.29,2.9,4.34,0.95,0.27
265,Antigua and Barbuda,ATG,2015,0.29,2.91,4.34,0.95,0.27
266,Antigua and Barbuda,ATG,2016,0.29,2.91,4.34,0.94,0.27
267,Antigua and Barbuda,ATG,2017,0.29,2.91,4.33,0.94,0.27
268,Antigua and Barbuda,ATG,2018,0.29,2.95,4.33,0.94,0.27
269,Antigua and Barbuda,ATG,2019,0.29,3.03,4.33,0.94,0.27
270,Argentina,ARG,1990,0.31,2.59,5.07,0.98,0.28
271,Argentina,ARG,1991,0.31,2.6,5.07,0.98,0.28
272,Argentina,ARG,1992,0.31,2.6,5.06,0.98,0.29
273,Argentina,ARG,1993,0.31,2.6,5.06,0.98,0.29
274,Argentina,ARG,1994,0.31,2.61,5.06,0.98,0.29
275,Argentina,ARG,1995,0.31,2.61,5.06,0.98,0.29
276,Argentina,ARG,1996,0.31,2.61,5.06,0.98,0.3
277,Argentina,ARG,1997,0.31,2.62,5.07,0.98,0.3
278,Argentina,ARG,1998,0.31,2.62,5.08,0.98,0.3
279,Argentina,ARG,1999,0.31,2.62,5.08,0.98,0.31
280,Argentina,ARG,2000,0.31,2.62,5.09,0.98,0.31
281,Argentina,ARG,2001,0.31,2.62,5.09,0.98,0.31
282,Argentina,ARG,2002,0.31,2.63,5.09,1.0,0.3
283,Argentina,ARG,2003,0.31,2.63,5.09,1.02,0.3
284,Argentina,ARG,2004,0.31,2.63,5.09,1.03,0.3
285,Argentina,ARG,2005,0.31,2.63,5.09,1.04,0.3
286,Argentina,ARG,2006,0.31,2.6,5.07,1.04,0.3
287,Argentina,ARG,2007,0.31,2.55,5.02,1.04,0.31
288,Argentina,ARG,2008,0.31,2.49,4.96,1.04,0.31
289,Argentina,ARG,2009,0.31,2.44,4.91,1.04,0.31
290,Argentina,ARG,2010,0.31,2.41,4.89,1.04,0.32
291,Argentina,ARG,2011,0.31,2.41,4.9,1.04,0.32
292,Argentina,ARG,2012,0.31,2.42,4.91,1.04,0.32
293,Argentina,ARG,2013,0.31,2.42,4.92,1.04,0.32
294,Argentina,ARG,2014,0.31,2.42,4.94,1.04,0.33
295,Argentina,ARG,2015,0.31,2.42,4.95,1.04,0.33
296,Argentina,ARG,2016,0.31,2.42,4.96,1.04,0.33
297,Argentina,ARG,2017,0.31,2.42,4.97,1.04,0.33
298,Argentina,ARG,2018,0.31,2.42,4.98,1.04,0.33
299,Argentina,ARG,2019,0.31,2.41,4.98,1.04,0.33
300,Armenia,ARM,1990,0.28,2.84,3.12,0.54,0.11
301,Armenia,ARM,1991,0.28,2.82,3.12,0.54,0.1
302,Armenia,ARM,1992,0.28,2.8,3.12,0.54,0.1
303,Armenia,ARM,1993,0.28,2.79,3.12,0.54,0.1
304,Armenia,ARM,1994,0.28,2.79,3.12,0.54,0.09
305,Armenia,ARM,1995,0.28,2.79,3.13,0.54,0.09
306,Armenia,ARM,1996,0.28,2.79,3.13,0.54,0.09
307,Armenia,ARM,1997,0.27,2.8,3.13,0.54,0.09
308,Armenia,ARM,1998,0.27,2.81,3.14,0.54,0.09
309,Armenia,ARM,1999,0.27,2.83,3.14,0.54,0.09
310,Armenia,ARM,2000,0.27,2.84,3.15,0.54,0.09
311,Armenia,ARM,2001,0.27,2.84,3.15,0.54,0.09
312,Armenia,ARM,2002,0.28,2.85,3.15,0.54,0.09
313,Armenia,ARM,2003,0.28,2.87,3.16,0.54,0.09
314,Armenia,ARM,2004,0.28,2.87,3.16,0.54,0.1
315,Armenia,ARM,2005,0.28,2.88,3.16,0.54,0.1
316,Armenia,ARM,2006,0.28,2.89,3.16,0.54,0.1
317,Armenia,ARM,2007,0.28,2.89,3.16,0.54,0.11
318,Armenia,ARM,2008,0.28,2.89,3.15,0.54,0.11
319,Armenia,ARM,2009,0.28,2.89,3.15,0.54,0.11
320,Armenia,ARM,2010,0.28,2.9,3.15,0.54,0.11
321,Armenia,ARM,2011,0.28,2.9,3.15,0.54,0.12
322,Armenia,ARM,2012,0.28,2.92,3.15,0.54,0.12
323,Armenia,ARM,2013,0.28,2.93,3.15,0.54,0.12
324,Armenia,ARM,2014,0.28,2.95,3.15,0.54,0.12
325,Armenia,ARM,2015,0.28,2.95,3.15,0.54,0.12
326,Armenia,ARM,2016,0.28,2.96,3.15,0.54,0.12
327,Armenia,ARM,2017,0.28,2.96,3.15,0.54,0.12
328,Armenia,ARM,2018,0.28,2.97,3.15,0.54,0.13
329,Armenia,ARM,2019,0.28,2.98,3.15,0.54,0.13
360,Australia,AUS,1990,0.39,4.4,5.75,1.12,0.72
361,Australia,AUS,1991,0.39,4.43,5.66,1.12,0.72
362,Australia,AUS,1992,0.39,4.45,5.57,1.12,0.72
363,Australia,AUS,1993,0.39,4.48,5.49,1.12,0.73
364,Australia,AUS,1994,0.39,4.5,5.43,1.12,0.73
365,Australia,AUS,1995,0.39,4.52,5.38,1.12,0.74
366,Australia,AUS,1996,0.39,4.52,5.33,1.12,0.74
367,Australia,AUS,1997,0.39,4.52,5.27,1.12,0.76
368,Australia,AUS,1998,0.39,4.52,5.22,1.12,0.77
369,Australia,AUS,1999,0.39,4.52,5.19,1.12,0.79
370,Australia,AUS,2000,0.39,4.54,5.18,1.12,0.8
371,Australia,AUS,2001,0.39,4.59,5.22,1.12,0.82
372,Australia,AUS,2002,0.39,4.66,5.31,1.12,0.85
373,Australia,AUS,2003,0.39,4.73,5.42,1.12,0.89
374,Australia,AUS,2004,0.39,4.79,5.51,1.12,0.93
375,Australia,AUS,2005,0.39,4.82,5.55,1.13,0.95
376,Australia,AUS,2006,0.39,4.81,5.56,1.13,0.96
377,Australia,AUS,2007,0.39,4.79,5.58,1.13,0.97
378,Australia,AUS,2008,0.39,4.75,5.6,1.13,0.98
379,Australia,AUS,2009,0.39,4.72,5.61,1.13,0.99
380,Australia,AUS,2010,0.39,4.69,5.62,1.13,0.99
381,Australia,AUS,2011,0.39,4.66,5.61,1.13,1.0
382,Australia,AUS,2012,0.39,4.63,5.58,1.13,1.0
383,Australia,AUS,2013,0.39,4.6,5.56,1.13,1.01
384,Australia,AUS,2014,0.39,4.56,5.54,1.13,1.01
385,Australia,AUS,2015,0.39,4.53,5.54,1.13,1.02
386,Australia,AUS,2016,0.39,4.44,5.68,1.13,1.02
387,Australia,AUS,2017,0.39,4.36,5.81,1.13,1.03
388,Australia,AUS,2018,0.39,4.36,5.82,1.13,1.03
389,Australia,AUS,2019,0.39,4.38,5.82,1.13,1.03
390,Austria,AUT,1990,0.28,3.63,5.72,0.9,0.42
391,Austria,AUT,1991,0.28,3.62,5.75,0.9,0.42
392,Austria,AUT,1992,0.28,3.61,5.77,0.9,0.43
393,Austria,AUT,1993,0.28,3.59,5.79,0.9,0.44
394,Austria,AUT,1994,0.28,3.57,5.8,0.9,0.44
395,Austria,AUT,1995,0.28,3.55,5.81,0.9,0.45
396,Austria,AUT,1996,0.28,3.53,5.8,0.9,0.45
397,Austria,AUT,1997,0.28,3.49,5.79,0.9,0.46
398,Austria,AUT,1998,0.28,3.45,5.78,0.9,0.47
399,Austria,AUT,1999,0.28,3.41,5.76,0.9,0.47
400,Austria,AUT,2000,0.28,3.37,5.76,0.9,0.48
401,Austria,AUT,2001,0.28,3.34,5.76,0.9,0.49
402,Austria,AUT,2002,0.28,3.31,5.78,0.9,0.49
403,Austria,AUT,2003,0.28,3.28,5.79,0.9,0.5
404,Austria,AUT,2004,0.28,3.24,5.81,0.9,0.51
405,Austria,AUT,2005,0.28,3.22,5.82,0.9,0.51
406,Austria,AUT,2006,0.28,3.19,5.83,0.9,0.52
407,Austria,AUT,2007,0.28,3.16,5.85,0.9,0.53
408,Austria,AUT,2008,0.28,3.13,5.88,0.9,0.54
409,Austria,AUT,2009,0.28,3.1,5.9,0.9,0.55
410,Austria,AUT,2010,0.28,3.09,5.91,0.9,0.55
411,Austria,AUT,2011,0.28,3.09,5.92,0.9,0.56
412,Austria,AUT,2012,0.28,3.1,5.93,0.9,0.56
413,Austria,AUT,2013,0.28,3.11,5.95,0.9,0.56
414,Austria,AUT,2014,0.28,3.11,5.96,0.9,0.56
415,Austria,AUT,2015,0.28,3.12,5.96,0.9,0.56
416,Austria,AUT,2016,0.28,3.12,5.98,0.9,0.56
417,Austria,AUT,2017,0.28,3.12,6.0,0.9,0.56
418,Austria,AUT,2018,0.28,3.12,6.01,0.9,0.56
419,Austria,AUT,2019,0.28,3.13,6.01,0.9,0.56
420,Azerbaijan,AZE,1990,0.28,2.77,2.54,0.52,0.12
421,Azerbaijan,AZE,1991,0.28,2.74,2.54,0.52,0.12
422,Azerbaijan,AZE,1992,0.28,2.72,2.54,0.52,0.12
423,Azerbaijan,AZE,1993,0.28,2.71,2.54,0.52,0.11
424,Azerbaijan,AZE,1994,0.27,2.69,2.54,0.52,0.11
425,Azerbaijan,AZE,1995,0.27,2.69,2.54,0.52,0.11
426,Azerbaijan,AZE,1996,0.27,2.68,2.54,0.52,0.1
427,Azerbaijan,AZE,1997,0.27,2.68,2.54,0.52,0.1
428,Azerbaijan,AZE,1998,0.27,2.68,2.54,0.52,0.1
429,Azerbaijan,AZE,1999,0.27,2.68,2.55,0.52,0.09
430,Azerbaijan,AZE,2000,0.27,2.68,2.55,0.52,0.09
431,Azerbaijan,AZE,2001,0.27,2.68,2.55,0.52,0.09
432,Azerbaijan,AZE,2002,0.27,2.69,2.55,0.52,0.1
433,Azerbaijan,AZE,2003,0.27,2.7,2.55,0.52,0.1
434,Azerbaijan,AZE,2004,0.27,2.71,2.55,0.52,0.1
435,Azerbaijan,AZE,2005,0.27,2.71,2.55,0.52,0.1
436,Azerbaijan,AZE,2006,0.27,2.7,2.55,0.52,0.1
437,Azerbaijan,AZE,2007,0.27,2.69,2.55,0.52,0.11
438,Azerbaijan,AZE,2008,0.28,2.68,2.54,0.52,0.12
439,Azerbaijan,AZE,2009,0.28,2.67,2.54,0.52,0.12
440,Azerbaijan,AZE,2010,0.28,2.67,2.54,0.52,0.13
441,Azerbaijan,AZE,2011,0.28,2.67,2.53,0.52,0.13
442,Azerbaijan,AZE,2012,0.28,2.69,2.53,0.52,0.13
443,Azerbaijan,AZE,2013,0.28,2.7,2.52,0.52,0.14
444,Azerbaijan,AZE,2014,0.28,2.71,2.51,0.52,0.14
445,Azerbaijan,AZE,2015,0.28,2.72,2.5,0.52,0.14
446,Azerbaijan,AZE,2016,0.28,2.71,2.49,0.52,0.14
447,Azerbaijan,AZE,2017,0.28,2.71,2.48,0.52,0.14
448,Azerbaijan,AZE,2018,0.28,2.73,2.48,0.52,0.14
449,Azerbaijan,AZE,2019,0.28,2.75,2.48,0.52,0.14
450,Bahamas,BHS,1990,0.29,3.1,4.27,0.9,0.29
451,Bahamas,BHS,1991,0.28,3.07,4.25,0.9,0.29
452,Bahamas,BHS,1992,0.28,3.04,4.24,0.9,0.29
453,Bahamas,BHS,1993,0.28,3.02,4.24,0.9,0.29
454,Bahamas,BHS,1994,0.28,3.0,4.23,0.9,0.28
455,Bahamas,BHS,1995,0.28,3.0,4.23,0.9,0.28
456,Bahamas,BHS,1996,0.28,3.0,4.23,0.9,0.28
457,Bahamas,BHS,1997,0.28,3.0,4.24,0.9,0.29
458,Bahamas,BHS,1998,0.28,3.0,4.24,0.9,0.29
459,Bahamas,BHS,1999,0.28,3.01,4.25,0.9,0.29
460,Bahamas,BHS,2000,0.29,3.01,4.25,0.9,0.29
461,Bahamas,BHS,2001,0.29,3.01,4.25,0.9,0.29
462,Bahamas,BHS,2002,0.29,3.01,4.25,0.9,0.29
463,Bahamas,BHS,2003,0.29,3.01,4.24,0.9,0.3
464,Bahamas,BHS,2004,0.29,3.0,4.24,0.9,0.3
465,Bahamas,BHS,2005,0.29,3.0,4.24,0.9,0.3
466,Bahamas,BHS,2006,0.29,2.99,4.24,0.9,0.3
467,Bahamas,BHS,2007,0.29,2.97,4.25,0.9,0.3
468,Bahamas,BHS,2008,0.29,2.95,4.26,0.9,0.3
469,Bahamas,BHS,2009,0.29,2.93,4.27,0.9,0.3
470,Bahamas,BHS,2010,0.29,2.92,4.27,0.9,0.3
471,Bahamas,BHS,2011,0.29,2.93,4.28,0.9,0.3
472,Bahamas,BHS,2012,0.29,2.94,4.29,0.9,0.3
473,Bahamas,BHS,2013,0.28,2.95,4.31,0.9,0.3
474,Bahamas,BHS,2014,0.28,2.97,4.32,0.9,0.29
475,Bahamas,BHS,2015,0.28,2.98,4.33,0.9,0.29
476,Bahamas,BHS,2016,0.28,2.97,4.33,0.9,0.29
477,Bahamas,BHS,2017,0.28,2.97,4.34,0.9,0.29
478,Bahamas,BHS,2018,0.28,3.0,4.34,0.9,0.29
479,Bahamas,BHS,2019,0.28,3.06,4.35,0.9,0.29
480,Bahrain,BHR,1990,0.27,5.04,4.95,0.78,0.26
481,Bahrain,BHR,1991,0.27,5.06,4.95,0.78,0.26
482,Bahrain,BHR,1992,0.27,5.08,4.96,0.78,0.27
483,Bahrain,BHR,1993,0.27,5.09,4.96,0.78,0.27
484,Bahrain,BHR,1994,0.27,5.11,4.97,0.78,0.27
485,Bahrain,BHR,1995,0.27,5.11,4.97,0.78,0.27
486,Bahrain,BHR,1996,0.27,5.12,4.97,0.78,0.27
487,Bahrain,BHR,1997,0.27,5.13,4.98,0.78,0.27
488,Bahrain,BHR,1998,0.27,5.13,4.98,0.78,0.27
489,Bahrain,BHR,1999,0.27,5.14,4.99,0.78,0.27
490,Bahrain,BHR,2000,0.27,5.13,4.99,0.78,0.27
491,Bahrain,BHR,2001,0.27,5.12,4.99,0.78,0.27
492,Bahrain,BHR,2002,0.27,5.09,4.99,0.78,0.27
493,Bahrain,BHR,2003,0.27,5.04,4.98,0.78,0.27
494,Bahrain,BHR,2004,0.27,4.99,4.97,0.78,0.27
495,Bahrain,BHR,2005,0.27,4.94,4.96,0.78,0.27
496,Bahrain,BHR,2006,0.27,4.88,4.95,0.78,0.27
497,Bahrain,BHR,2007,0.27,4.82,4.94,0.78,0.27
498,Bahrain,BHR,2008,0.27,4.75,4.94,0.78,0.27
499,Bahrain,BHR,2009,0.27,4.69,4.93,0.78,0.27
500,Bahrain,BHR,2010,0.27,4.64,4.92,0.78,0.27
501,Bahrain,BHR,2011,0.27,4.61,4.92,0.78,0.27
502,Bahrain,BHR,2012,0.27,4.59,4.92,0.78,0.28
503,Bahrain,BHR,2013,0.27,4.57,4.91,0.78,0.28
504,Bahrain,BHR,2014,0.27,4.55,4.91,0.78,0.28
505,Bahrain,BHR,2015,0.27,4.54,4.91,0.78,0.28
506,Bahrain,BHR,2016,0.27,4.52,4.89,0.78,0.28
507,Bahrain,BHR,2017,0.27,4.51,4.88,0.78,0.29
508,Bahrain,BHR,2018,0.27,4.52,4.9,0.78,0.29
509,Bahrain,BHR,2019,0.27,4.53,4.94,0.78,0.29
510,Bangladesh,BGD,1990,0.28,4.76,3.08,0.39,0.08
511,Bangladesh,BGD,1991,0.28,4.74,3.04,0.39,0.08
512,Bangladesh,BGD,1992,0.28,4.72,3.01,0.39,0.08
513,Bangladesh,BGD,1993,0.28,4.7,2.98,0.39,0.09
514,Bangladesh,BGD,1994,0.28,4.68,2.96,0.39,0.09
515,Bangladesh,BGD,1995,0.28,4.67,2.95,0.39,0.09
516,Bangladesh,BGD,1996,0.28,4.66,2.95,0.39,0.09
517,Bangladesh,BGD,1997,0.28,4.64,2.95,0.39,0.09
518,Bangladesh,BGD,1998,0.28,4.63,2.96,0.39,0.09
519,Bangladesh,BGD,1999,0.28,4.61,2.96,0.39,0.09
520,Bangladesh,BGD,2000,0.28,4.6,2.97,0.39,0.09
521,Bangladesh,BGD,2001,0.28,4.59,3.0,0.39,0.09
522,Bangladesh,BGD,2002,0.28,4.59,3.09,0.39,0.09
523,Bangladesh,BGD,2003,0.28,4.58,3.19,0.39,0.09
524,Bangladesh,BGD,2004,0.28,4.58,3.27,0.39,0.09
525,Bangladesh,BGD,2005,0.28,4.58,3.31,0.39,0.09
526,Bangladesh,BGD,2006,0.28,4.57,3.3,0.39,0.09
527,Bangladesh,BGD,2007,0.28,4.57,3.25,0.39,0.09
528,Bangladesh,BGD,2008,0.28,4.56,3.2,0.39,0.09
529,Bangladesh,BGD,2009,0.28,4.56,3.16,0.39,0.1
530,Bangladesh,BGD,2010,0.28,4.57,3.14,0.39,0.1
531,Bangladesh,BGD,2011,0.28,4.57,3.14,0.39,0.1
532,Bangladesh,BGD,2012,0.28,4.58,3.15,0.39,0.1
533,Bangladesh,BGD,2013,0.28,4.59,3.15,0.39,0.1
534,Bangladesh,BGD,2014,0.28,4.59,3.15,0.39,0.11
535,Bangladesh,BGD,2015,0.28,4.6,3.16,0.39,0.11
536,Bangladesh,BGD,2016,0.28,4.6,3.16,0.39,0.11
537,Bangladesh,BGD,2017,0.28,4.6,3.16,0.39,0.11
538,Bangladesh,BGD,2018,0.28,4.61,3.17,0.39,0.11
539,Bangladesh,BGD,2019,0.28,4.62,3.18,0.39,0.12
540,Barbados,BRB,1990,0.28,3.14,4.26,0.93,0.23
541,Barbados,BRB,1991,0.28,3.11,4.26,0.93,0.23
542,Barbados,BRB,1992,0.28,3.09,4.25,0.93,0.23
543,Barbados,BRB,1993,0.28,3.06,4.24,0.93,0.23
544,Barbados,BRB,1994,0.28,3.05,4.24,0.93,0.23
545,Barbados,BRB,1995,0.28,3.04,4.24,0.93,0.23
546,Barbados,BRB,1996,0.28,3.04,4.24,0.93,0.23
547,Barbados,BRB,1997,0.28,3.05,4.24,0.93,0.23
548,Barbados,BRB,1998,0.28,3.05,4.24,0.93,0.23
549,Barbados,BRB,1999,0.28,3.06,4.24,0.93,0.24
550,Barbados,BRB,2000,0.28,3.06,4.24,0.93,0.24
551,Barbados,BRB,2001,0.28,3.06,4.24,0.93,0.24
552,Barbados,BRB,2002,0.28,3.07,4.24,0.93,0.24
553,Barbados,BRB,2003,0.28,3.08,4.24,0.93,0.24
554,Barbados,BRB,2004,0.28,3.08,4.24,0.93,0.24
555,Barbados,BRB,2005,0.28,3.09,4.24,0.93,0.24
556,Barbados,BRB,2006,0.28,3.08,4.25,0.93,0.24
557,Barbados,BRB,2007,0.28,3.08,4.25,0.93,0.24
558,Barbados,BRB,2008,0.28,3.07,4.26,0.93,0.24
559,Barbados,BRB,2009,0.28,3.06,4.27,0.93,0.24
560,Barbados,BRB,2010,0.28,3.06,4.27,0.93,0.24
561,Barbados,BRB,2011,0.28,3.06,4.28,0.93,0.24
562,Barbados,BRB,2012,0.28,3.07,4.29,0.93,0.24
563,Barbados,BRB,2013,0.28,3.09,4.31,0.93,0.24
564,Barbados,BRB,2014,0.28,3.1,4.32,0.93,0.24
565,Barbados,BRB,2015,0.28,3.11,4.32,0.93,0.24
566,Barbados,BRB,2016,0.28,3.11,4.33,0.93,0.24
567,Barbados,BRB,2017,0.28,3.11,4.33,0.93,0.24
568,Barbados,BRB,2018,0.28,3.13,4.33,0.93,0.24
569,Barbados,BRB,2019,0.28,3.18,4.33,0.93,0.24
570,Belarus,BLR,1990,0.27,3.92,3.53,0.52,0.11
571,Belarus,BLR,1991,0.27,3.93,3.53,0.52,0.11
572,Belarus,BLR,1992,0.27,3.95,3.53,0.52,0.11
573,Belarus,BLR,1993,0.27,3.96,3.53,0.52,0.11
574,Belarus,BLR,1994,0.27,3.98,3.53,0.52,0.11
575,Belarus,BLR,1995,0.27,3.99,3.53,0.52,0.1
576,Belarus,BLR,1996,0.27,4.01,3.53,0.52,0.1
577,Belarus,BLR,1997,0.27,4.03,3.53,0.52,0.1
578,Belarus,BLR,1998,0.27,4.06,3.53,0.52,0.1
579,Belarus,BLR,1999,0.27,4.08,3.52,0.52,0.1
580,Belarus,BLR,2000,0.27,4.09,3.52,0.52,0.1
581,Belarus,BLR,2001,0.27,4.1,3.52,0.52,0.1
582,Belarus,BLR,2002,0.27,4.1,3.52,0.52,0.1
583,Belarus,BLR,2003,0.27,4.1,3.52,0.52,0.1
584,Belarus,BLR,2004,0.27,4.1,3.51,0.52,0.11
585,Belarus,BLR,2005,0.27,4.1,3.51,0.52,0.11
586,Belarus,BLR,2006,0.27,4.08,3.51,0.52,0.11
587,Belarus,BLR,2007,0.27,4.04,3.51,0.52,0.11
588,Belarus,BLR,2008,0.27,4.0,3.51,0.52,0.11
589,Belarus,BLR,2009,0.27,3.96,3.5,0.52,0.12
590,Belarus,BLR,2010,0.27,3.93,3.5,0.52,0.12
591,Belarus,BLR,2011,0.27,3.92,3.5,0.52,0.12
592,Belarus,BLR,2012,0.28,3.91,3.5,0.52,0.12
593,Belarus,BLR,2013,0.28,3.9,3.5,0.52,0.13
594,Belarus,BLR,2014,0.28,3.9,3.49,0.52,0.13
595,Belarus,BLR,2015,0.28,3.89,3.49,0.52,0.13
596,Belarus,BLR,2016,0.28,3.9,3.49,0.52,0.13
597,Belarus,BLR,2017,0.28,3.89,3.48,0.52,0.13
598,Belarus,BLR,2018,0.28,3.87,3.48,0.52,0.13
599,Belarus,BLR,2019,0.28,3.82,3.48,0.52,0.13
600,Belgium,BEL,1990,0.27,3.3,4.99,0.9,0.36
601,Belgium,BEL,1991,0.27,3.29,4.99,0.9,0.37
602,Belgium,BEL,1992,0.27,3.28,4.99,0.9,0.37
603,Belgium,BEL,1993,0.27,3.27,4.99,0.9,0.38
604,Belgium,BEL,1994,0.27,3.27,4.99,0.9,0.38
605,Belgium,BEL,1995,0.27,3.26,4.99,0.9,0.38
606,Belgium,BEL,1996,0.27,3.26,4.98,0.9,0.38
607,Belgium,BEL,1997,0.27,3.25,4.96,0.9,0.38
608,Belgium,BEL,1998,0.27,3.25,4.94,0.9,0.39
609,Belgium,BEL,1999,0.27,3.25,4.92,0.9,0.39
610,Belgium,BEL,2000,0.27,3.26,4.91,0.9,0.39
611,Belgium,BEL,2001,0.27,3.28,4.91,0.9,0.39
612,Belgium,BEL,2002,0.27,3.3,4.92,0.9,0.4
613,Belgium,BEL,2003,0.27,3.32,4.92,0.9,0.4
614,Belgium,BEL,2004,0.27,3.34,4.93,0.9,0.4
615,Belgium,BEL,2005,0.27,3.36,4.93,0.9,0.41
616,Belgium,BEL,2006,0.27,3.41,4.94,0.9,0.41
617,Belgium,BEL,2007,0.27,3.48,4.96,0.9,0.41
618,Belgium,BEL,2008,0.27,3.56,4.98,0.9,0.41
619,Belgium,BEL,2009,0.27,3.62,5.0,0.9,0.42
620,Belgium,BEL,2010,0.27,3.65,5.02,0.9,0.42
621,Belgium,BEL,2011,0.27,3.64,5.03,0.9,0.42
622,Belgium,BEL,2012,0.27,3.62,5.05,0.9,0.42
623,Belgium,BEL,2013,0.27,3.59,5.07,0.9,0.43
624,Belgium,BEL,2014,0.27,3.57,5.09,0.9,0.43
625,Belgium,BEL,2015,0.27,3.55,5.1,0.9,0.43
626,Belgium,BEL,2016,0.27,3.54,5.1,0.9,0.43
627,Belgium,BEL,2017,0.27,3.54,5.09,0.9,0.43
628,Belgium,BEL,2018,0.27,3.54,5.07,0.9,0.44
629,Belgium,BEL,2019,0.27,3.54,5.05,0.9,0.44
630,Belize,BLZ,1990,0.27,3.21,4.06,0.91,0.16
631,Belize,BLZ,1991,0.27,3.2,4.05,0.91,0.17
632,Belize,BLZ,1992,0.27,3.19,4.05,0.91,0.17
633,Belize,BLZ,1993,0.27,3.19,4.04,0.91,0.17
634,Belize,BLZ,1994,0.27,3.19,4.04,0.91,0.17
635,Belize,BLZ,1995,0.27,3.2,4.04,0.91,0.18
636,Belize,BLZ,1996,0.27,3.21,4.04,0.91,0.18
637,Belize,BLZ,1997,0.27,3.23,4.04,0.91,0.18
638,Belize,BLZ,1998,0.27,3.25,4.05,0.91,0.18
639,Belize,BLZ,1999,0.27,3.27,4.05,0.91,0.18
640,Belize,BLZ,2000,0.27,3.28,4.05,0.91,0.18
641,Belize,BLZ,2001,0.27,3.29,4.05,0.91,0.18
642,Belize,BLZ,2002,0.27,3.31,4.05,0.91,0.18
643,Belize,BLZ,2003,0.27,3.32,4.05,0.91,0.18
644,Belize,BLZ,2004,0.27,3.32,4.04,0.91,0.19
645,Belize,BLZ,2005,0.27,3.33,4.04,0.91,0.19
646,Belize,BLZ,2006,0.27,3.32,4.05,0.91,0.19
647,Belize,BLZ,2007,0.27,3.3,4.06,0.91,0.19
648,Belize,BLZ,2008,0.27,3.28,4.08,0.91,0.19
649,Belize,BLZ,2009,0.27,3.26,4.09,0.91,0.19
650,Belize,BLZ,2010,0.27,3.25,4.11,0.91,0.19
651,Belize,BLZ,2011,0.27,3.25,4.12,0.91,0.19
652,Belize,BLZ,2012,0.27,3.26,4.13,0.91,0.19
653,Belize,BLZ,2013,0.27,3.26,4.14,0.91,0.19
654,Belize,BLZ,2014,0.27,3.27,4.15,0.91,0.19
655,Belize,BLZ,2015,0.27,3.28,4.16,0.91,0.19
656,Belize,BLZ,2016,0.27,3.28,4.16,0.91,0.19
657,Belize,BLZ,2017,0.27,3.29,4.17,0.91,0.2
658,Belize,BLZ,2018,0.27,3.3,4.17,0.91,0.2
659,Belize,BLZ,2019,0.27,3.31,4.18,0.91,0.2
660,Benin,BEN,1990,0.21,4.35,3.15,0.55,0.09
661,Benin,BEN,1991,0.21,4.35,3.15,0.55,0.09
662,Benin,BEN,1992,0.21,4.35,3.15,0.55,0.09
663,Benin,BEN,1993,0.21,4.35,3.15,0.55,0.09
664,Benin,BEN,1994,0.21,4.35,3.15,0.55,0.09
665,Benin,BEN,1995,0.21,4.35,3.15,0.55,0.09
666,Benin,BEN,1996,0.21,4.36,3.16,0.55,0.09
667,Benin,BEN,1997,0.21,4.37,3.16,0.55,0.09
668,Benin,BEN,1998,0.21,4.39,3.16,0.55,0.09
669,Benin,BEN,1999,0.21,4.4,3.16,0.55,0.09
670,Benin,BEN,2000,0.21,4.41,3.16,0.55,0.09
671,Benin,BEN,2001,0.21,4.42,3.16,0.55,0.09
672,Benin,BEN,2002,0.21,4.43,3.16,0.55,0.09
673,Benin,BEN,2003,0.21,4.43,3.16,0.55,0.09
674,Benin,BEN,2004,0.21,4.44,3.17,0.55,0.09
675,Benin,BEN,2005,0.21,4.44,3.17,0.55,0.09
676,Benin,BEN,2006,0.21,4.44,3.17,0.55,0.09
677,Benin,BEN,2007,0.21,4.44,3.17,0.55,0.09
678,Benin,BEN,2008,0.21,4.44,3.16,0.55,0.09
679,Benin,BEN,2009,0.21,4.44,3.16,0.55,0.09
680,Benin,BEN,2010,0.21,4.43,3.16,0.55,0.09
681,Benin,BEN,2011,0.21,4.44,3.17,0.55,0.09
682,Benin,BEN,2012,0.21,4.44,3.18,0.55,0.09
683,Benin,BEN,2013,0.21,4.44,3.19,0.55,0.1
684,Benin,BEN,2014,0.21,4.44,3.2,0.55,0.1
685,Benin,BEN,2015,0.21,4.44,3.21,0.55,0.1
686,Benin,BEN,2016,0.21,4.44,3.22,0.55,0.1
687,Benin,BEN,2017,0.21,4.44,3.23,0.55,0.1
688,Benin,BEN,2018,0.21,4.44,3.23,0.55,0.1
689,Benin,BEN,2019,0.21,4.45,3.23,0.55,0.1
690,Bermuda,BMU,1990,0.3,3.58,4.25,0.98,0.31
691,Bermuda,BMU,1991,0.3,3.56,4.24,0.98,0.31
692,Bermuda,BMU,1992,0.3,3.54,4.24,0.98,0.31
693,Bermuda,BMU,1993,0.3,3.52,4.24,0.98,0.31
694,Bermuda,BMU,1994,0.3,3.5,4.24,0.98,0.32
695,Bermuda,BMU,1995,0.3,3.48,4.24,0.98,0.32
696,Bermuda,BMU,1996,0.3,3.47,4.24,0.98,0.32
697,Bermuda,BMU,1997,0.3,3.45,4.24,0.98,0.32
698,Bermuda,BMU,1998,0.3,3.44,4.24,0.98,0.32
699,Bermuda,BMU,1999,0.3,3.42,4.24,0.98,0.32
700,Bermuda,BMU,2000,0.3,3.41,4.24,0.98,0.32
701,Bermuda,BMU,2001,0.3,3.4,4.24,0.98,0.33
702,Bermuda,BMU,2002,0.3,3.38,4.24,0.98,0.33
703,Bermuda,BMU,2003,0.3,3.36,4.24,0.98,0.34
704,Bermuda,BMU,2004,0.3,3.34,4.24,0.98,0.34
705,Bermuda,BMU,2005,0.3,3.32,4.24,0.98,0.35
706,Bermuda,BMU,2006,0.3,3.29,4.24,0.98,0.35
707,Bermuda,BMU,2007,0.3,3.26,4.25,0.98,0.36
708,Bermuda,BMU,2008,0.3,3.22,4.26,0.98,0.36
709,Bermuda,BMU,2009,0.3,3.19,4.27,0.98,0.36
710,Bermuda,BMU,2010,0.3,3.17,4.28,0.98,0.37
711,Bermuda,BMU,2011,0.3,3.17,4.29,0.98,0.37
712,Bermuda,BMU,2012,0.3,3.17,4.3,0.98,0.37
713,Bermuda,BMU,2013,0.3,3.17,4.31,0.98,0.36
714,Bermuda,BMU,2014,0.3,3.17,4.32,0.98,0.36
715,Bermuda,BMU,2015,0.3,3.17,4.32,0.98,0.36
716,Bermuda,BMU,2016,0.3,3.16,4.32,0.98,0.36
717,Bermuda,BMU,2017,0.3,3.16,4.32,0.98,0.37
718,Bermuda,BMU,2018,0.3,3.16,4.32,0.98,0.37
719,Bermuda,BMU,2019,0.31,3.18,4.33,0.98,0.37
720,Bhutan,BTN,1990,0.28,4.26,3.18,0.39,0.09
721,Bhutan,BTN,1991,0.28,4.24,3.19,0.39,0.1
722,Bhutan,BTN,1992,0.28,4.22,3.19,0.39,0.1
723,Bhutan,BTN,1993,0.28,4.21,3.19,0.39,0.1
724,Bhutan,BTN,1994,0.28,4.19,3.19,0.39,0.1
725,Bhutan,BTN,1995,0.28,4.17,3.19,0.39,0.1
726,Bhutan,BTN,1996,0.28,4.16,3.19,0.39,0.1
727,Bhutan,BTN,1997,0.28,4.15,3.19,0.39,0.1
728,Bhutan,BTN,1998,0.28,4.14,3.19,0.39,0.1
729,Bhutan,BTN,1999,0.28,4.13,3.19,0.39,0.11
730,Bhutan,BTN,2000,0.29,4.12,3.19,0.39,0.11
731,Bhutan,BTN,2001,0.29,4.1,3.19,0.39,0.11
732,Bhutan,BTN,2002,0.29,4.09,3.19,0.39,0.11
733,Bhutan,BTN,2003,0.29,4.07,3.2,0.39,0.11
734,Bhutan,BTN,2004,0.29,4.05,3.2,0.39,0.11
735,Bhutan,BTN,2005,0.29,4.04,3.2,0.39,0.12
736,Bhutan,BTN,2006,0.29,4.02,3.2,0.39,0.12
737,Bhutan,BTN,2007,0.29,3.99,3.2,0.39,0.12
738,Bhutan,BTN,2008,0.29,3.97,3.2,0.39,0.12
739,Bhutan,BTN,2009,0.29,3.95,3.2,0.39,0.12
740,Bhutan,BTN,2010,0.29,3.94,3.2,0.39,0.13
741,Bhutan,BTN,2011,0.29,3.94,3.21,0.39,0.13
742,Bhutan,BTN,2012,0.29,3.95,3.22,0.39,0.13
743,Bhutan,BTN,2013,0.29,3.96,3.23,0.39,0.13
744,Bhutan,BTN,2014,0.29,3.97,3.24,0.39,0.13
745,Bhutan,BTN,2015,0.29,3.97,3.24,0.39,0.14
746,Bhutan,BTN,2016,0.29,3.97,3.24,0.39,0.14
747,Bhutan,BTN,2017,0.29,3.96,3.24,0.39,0.14
748,Bhutan,BTN,2018,0.29,3.98,3.25,0.39,0.14
749,Bhutan,BTN,2019,0.29,4.02,3.27,0.39,0.14
750,Bolivia,BOL,1990,0.26,3.68,5.65,0.89,0.19
751,Bolivia,BOL,1991,0.26,3.68,5.64,0.89,0.19
752,Bolivia,BOL,1992,0.26,3.67,5.63,0.89,0.19
753,Bolivia,BOL,1993,0.26,3.67,5.63,0.89,0.19
754,Bolivia,BOL,1994,0.26,3.66,5.62,0.89,0.19
755,Bolivia,BOL,1995,0.26,3.66,5.62,0.89,0.19
756,Bolivia,BOL,1996,0.26,3.65,5.62,0.89,0.2
757,Bolivia,BOL,1997,0.26,3.63,5.62,0.89,0.2
758,Bolivia,BOL,1998,0.26,3.61,5.63,0.89,0.2
759,Bolivia,BOL,1999,0.26,3.59,5.63,0.89,0.2
760,Bolivia,BOL,2000,0.26,3.58,5.64,0.89,0.2
761,Bolivia,BOL,2001,0.26,3.57,5.63,0.89,0.2
762,Bolivia,BOL,2002,0.26,3.55,5.63,0.89,0.2
763,Bolivia,BOL,2003,0.26,3.54,5.62,0.89,0.2
764,Bolivia,BOL,2004,0.26,3.53,5.61,0.89,0.2
765,Bolivia,BOL,2005,0.26,3.52,5.61,0.89,0.2
766,Bolivia,BOL,2006,0.26,3.5,5.61,0.89,0.2
767,Bolivia,BOL,2007,0.26,3.49,5.62,0.89,0.21
768,Bolivia,BOL,2008,0.26,3.47,5.63,0.89,0.21
769,Bolivia,BOL,2009,0.26,3.45,5.64,0.89,0.21
770,Bolivia,BOL,2010,0.26,3.44,5.65,0.89,0.21
771,Bolivia,BOL,2011,0.26,3.44,5.67,0.89,0.22
772,Bolivia,BOL,2012,0.27,3.44,5.69,0.89,0.22
773,Bolivia,BOL,2013,0.27,3.43,5.71,0.89,0.22
774,Bolivia,BOL,2014,0.27,3.43,5.73,0.89,0.22
775,Bolivia,BOL,2015,0.27,3.43,5.74,0.89,0.23
776,Bolivia,BOL,2016,0.27,3.43,5.73,0.89,0.23
777,Bolivia,BOL,2017,0.27,3.43,5.73,0.89,0.23
778,Bolivia,BOL,2018,0.27,3.42,5.73,0.89,0.23
779,Bolivia,BOL,2019,0.27,3.4,5.74,0.89,0.24
780,Bosnia and Herzegovina,BIH,1990,0.28,3.28,3.54,0.55,0.09
781,Bosnia and Herzegovina,BIH,1991,0.28,3.27,3.54,0.55,0.09
782,Bosnia and Herzegovina,BIH,1992,0.28,3.26,3.55,0.55,0.09
783,Bosnia and Herzegovina,BIH,1993,0.28,3.26,3.56,0.55,0.08
784,Bosnia and Herzegovina,BIH,1994,0.28,3.25,3.56,0.55,0.08
785,Bosnia and Herzegovina,BIH,1995,0.28,3.25,3.57,0.55,0.08
786,Bosnia and Herzegovina,BIH,1996,0.28,3.24,3.57,0.55,0.09
787,Bosnia and Herzegovina,BIH,1997,0.28,3.23,3.57,0.55,0.09
788,Bosnia and Herzegovina,BIH,1998,0.28,3.21,3.56,0.55,0.09
789,Bosnia and Herzegovina,BIH,1999,0.28,3.19,3.56,0.55,0.1
790,Bosnia and Herzegovina,BIH,2000,0.28,3.17,3.56,0.55,0.1
791,Bosnia and Herzegovina,BIH,2001,0.28,3.15,3.56,0.55,0.1
792,Bosnia and Herzegovina,BIH,2002,0.28,3.11,3.56,0.55,0.11
793,Bosnia and Herzegovina,BIH,2003,0.28,3.07,3.56,0.55,0.11
794,Bosnia and Herzegovina,BIH,2004,0.28,3.03,3.56,0.55,0.11
795,Bosnia and Herzegovina,BIH,2005,0.28,2.99,3.56,0.55,0.11
796,Bosnia and Herzegovina,BIH,2006,0.28,2.95,3.56,0.55,0.12
797,Bosnia and Herzegovina,BIH,2007,0.29,2.9,3.56,0.55,0.12
798,Bosnia and Herzegovina,BIH,2008,0.29,2.85,3.56,0.55,0.12
799,Bosnia and Herzegovina,BIH,2009,0.29,2.82,3.56,0.55,0.12
800,Bosnia and Herzegovina,BIH,2010,0.29,2.79,3.56,0.55,0.12
801,Bosnia and Herzegovina,BIH,2011,0.29,2.77,3.56,0.55,0.13
802,Bosnia and Herzegovina,BIH,2012,0.29,2.75,3.55,0.55,0.13
803,Bosnia and Herzegovina,BIH,2013,0.29,2.74,3.55,0.55,0.13
804,Bosnia and Herzegovina,BIH,2014,0.29,2.73,3.54,0.55,0.13
805,Bosnia and Herzegovina,BIH,2015,0.29,2.72,3.54,0.55,0.13
806,Bosnia and Herzegovina,BIH,2016,0.29,2.72,3.53,0.55,0.13
807,Bosnia and Herzegovina,BIH,2017,0.29,2.72,3.53,0.55,0.13
808,Bosnia and Herzegovina,BIH,2018,0.29,2.74,3.53,0.55,0.14
809,Bosnia and Herzegovina,BIH,2019,0.29,2.76,3.54,0.55,0.14
810,Botswana,BWA,1990,0.21,4.17,3.51,0.54,0.14
811,Botswana,BWA,1991,0.22,4.18,3.51,0.54,0.14
812,Botswana,BWA,1992,0.22,4.2,3.51,0.54,0.14
813,Botswana,BWA,1993,0.22,4.22,3.52,0.54,0.14
814,Botswana,BWA,1994,0.22,4.23,3.52,0.54,0.14
815,Botswana,BWA,1995,0.22,4.25,3.52,0.54,0.15
816,Botswana,BWA,1996,0.22,4.27,3.52,0.54,0.15
817,Botswana,BWA,1997,0.22,4.3,3.52,0.54,0.15
818,Botswana,BWA,1998,0.22,4.32,3.52,0.54,0.15
819,Botswana,BWA,1999,0.22,4.34,3.52,0.54,0.15
820,Botswana,BWA,2000,0.22,4.35,3.52,0.54,0.15
821,Botswana,BWA,2001,0.22,4.36,3.52,0.54,0.15
822,Botswana,BWA,2002,0.22,4.36,3.52,0.54,0.15
823,Botswana,BWA,2003,0.22,4.36,3.52,0.54,0.15
824,Botswana,BWA,2004,0.22,4.37,3.52,0.54,0.16
825,Botswana,BWA,2005,0.22,4.36,3.53,0.54,0.16
826,Botswana,BWA,2006,0.22,4.36,3.53,0.54,0.16
827,Botswana,BWA,2007,0.22,4.34,3.53,0.54,0.16
828,Botswana,BWA,2008,0.22,4.31,3.53,0.54,0.16
829,Botswana,BWA,2009,0.22,4.29,3.53,0.54,0.16
830,Botswana,BWA,2010,0.22,4.28,3.53,0.54,0.16
831,Botswana,BWA,2011,0.22,4.27,3.53,0.54,0.16
832,Botswana,BWA,2012,0.22,4.26,3.54,0.54,0.17
833,Botswana,BWA,2013,0.22,4.25,3.56,0.54,0.17
834,Botswana,BWA,2014,0.22,4.25,3.57,0.54,0.17
835,Botswana,BWA,2015,0.22,4.24,3.58,0.54,0.17
836,Botswana,BWA,2016,0.22,4.24,3.58,0.54,0.17
837,Botswana,BWA,2017,0.22,4.24,3.59,0.54,0.18
838,Botswana,BWA,2018,0.23,4.25,3.58,0.54,0.18
839,Botswana,BWA,2019,0.23,4.26,3.55,0.54,0.18
840,Brazil,BRA,1990,0.27,4.01,5.89,1.11,0.2
841,Brazil,BRA,1991,0.27,3.99,5.94,1.11,0.2
842,Brazil,BRA,1992,0.27,3.98,5.99,1.11,0.2
843,Brazil,BRA,1993,0.27,3.97,6.03,1.11,0.2
844,Brazil,BRA,1994,0.27,3.98,6.07,1.11,0.2
845,Brazil,BRA,1995,0.27,3.98,6.1,1.11,0.2
846,Brazil,BRA,1996,0.27,4.03,6.21,1.11,0.2
847,Brazil,BRA,1997,0.27,4.14,6.49,1.11,0.2
848,Brazil,BRA,1998,0.27,4.27,6.84,1.11,0.2
849,Brazil,BRA,1999,0.27,4.39,7.2,1.11,0.2
850,Brazil,BRA,2000,0.27,4.45,7.5,1.11,0.21
851,Brazil,BRA,2001,0.27,4.47,7.76,1.11,0.21
852,Brazil,BRA,2002,0.27,4.49,8.05,1.11,0.21
853,Brazil,BRA,2003,0.27,4.51,8.33,1.11,0.21
854,Brazil,BRA,2004,0.27,4.52,8.53,1.11,0.21
855,Brazil,BRA,2005,0.28,4.52,8.62,1.11,0.21
856,Brazil,BRA,2006,0.28,4.47,8.62,1.11,0.21
857,Brazil,BRA,2007,0.28,4.34,8.6,1.11,0.21
858,Brazil,BRA,2008,0.28,4.18,8.56,1.11,0.22
859,Brazil,BRA,2009,0.28,4.04,8.52,1.11,0.22
860,Brazil,BRA,2010,0.28,3.96,8.5,1.11,0.22
861,Brazil,BRA,2011,0.28,3.93,8.37,1.11,0.22
862,Brazil,BRA,2012,0.28,3.9,8.09,1.11,0.23
863,Brazil,BRA,2013,0.28,3.87,7.76,1.11,0.23
864,Brazil,BRA,2014,0.28,3.85,7.48,1.11,0.23
865,Brazil,BRA,2015,0.28,3.84,7.36,1.11,0.23
866,Brazil,BRA,2016,0.28,3.82,7.37,1.11,0.23
867,Brazil,BRA,2017,0.28,3.8,7.39,1.11,0.23
868,Brazil,BRA,2018,0.28,3.8,7.4,1.11,0.23
869,Brazil,BRA,2019,0.28,3.8,7.41,1.11,0.23
870,Brunei,BRN,1990,0.31,1.6,2.85,0.59,0.45
871,Brunei,BRN,1991,0.31,1.59,2.85,0.59,0.44
872,Brunei,BRN,1992,0.31,1.57,2.86,0.59,0.44
873,Brunei,BRN,1993,0.31,1.56,2.86,0.59,0.43
874,Brunei,BRN,1994,0.31,1.56,2.87,0.59,0.43
875,Brunei,BRN,1995,0.31,1.55,2.87,0.59,0.43
876,Brunei,BRN,1996,0.31,1.55,2.87,0.59,0.43
877,Brunei,BRN,1997,0.31,1.55,2.88,0.59,0.43
878,Brunei,BRN,1998,0.3,1.56,2.88,0.59,0.43
879,Brunei,BRN,1999,0.3,1.56,2.89,0.59,0.43
880,Brunei,BRN,2000,0.3,1.56,2.89,0.59,0.43
881,Brunei,BRN,2001,0.3,1.56,2.89,0.59,0.43
882,Brunei,BRN,2002,0.3,1.56,2.89,0.6,0.43
883,Brunei,BRN,2003,0.3,1.56,2.89,0.6,0.43
884,Brunei,BRN,2004,0.3,1.56,2.89,0.61,0.43
885,Brunei,BRN,2005,0.3,1.56,2.89,0.61,0.43
886,Brunei,BRN,2006,0.3,1.55,2.89,0.61,0.43
887,Brunei,BRN,2007,0.3,1.54,2.88,0.61,0.43
888,Brunei,BRN,2008,0.31,1.53,2.88,0.61,0.43
889,Brunei,BRN,2009,0.31,1.53,2.87,0.61,0.43
890,Brunei,BRN,2010,0.31,1.52,2.87,0.61,0.43
891,Brunei,BRN,2011,0.31,1.53,2.87,0.61,0.43
892,Brunei,BRN,2012,0.3,1.53,2.87,0.61,0.43
893,Brunei,BRN,2013,0.3,1.54,2.87,0.61,0.43
894,Brunei,BRN,2014,0.3,1.55,2.87,0.61,0.43
895,Brunei,BRN,2015,0.3,1.55,2.87,0.61,0.43
896,Brunei,BRN,2016,0.3,1.55,2.86,0.61,0.43
897,Brunei,BRN,2017,0.3,1.55,2.86,0.61,0.43
898,Brunei,BRN,2018,0.3,1.57,2.86,0.61,0.43
899,Brunei,BRN,2019,0.3,1.6,2.86,0.61,0.42
900,Bulgaria,BGR,1990,0.28,2.99,3.43,0.47,0.14
901,Bulgaria,BGR,1991,0.28,3.0,3.43,0.47,0.13
902,Bulgaria,BGR,1992,0.28,3.0,3.43,0.47,0.13
903,Bulgaria,BGR,1993,0.28,2.99,3.43,0.47,0.13
904,Bulgaria,BGR,1994,0.28,2.99,3.43,0.47,0.13
905,Bulgaria,BGR,1995,0.28,2.99,3.43,0.47,0.13
906,Bulgaria,BGR,1996,0.28,2.98,3.42,0.47,0.13
907,Bulgaria,BGR,1997,0.28,2.97,3.4,0.47,0.13
908,Bulgaria,BGR,1998,0.28,2.95,3.38,0.47,0.13
909,Bulgaria,BGR,1999,0.28,2.93,3.36,0.47,0.12
910,Bulgaria,BGR,2000,0.28,2.92,3.35,0.47,0.12
911,Bulgaria,BGR,2001,0.28,2.9,3.35,0.47,0.12
912,Bulgaria,BGR,2002,0.28,2.87,3.35,0.47,0.13
913,Bulgaria,BGR,2003,0.28,2.85,3.35,0.47,0.13
914,Bulgaria,BGR,2004,0.28,2.83,3.35,0.47,0.13
915,Bulgaria,BGR,2005,0.28,2.81,3.35,0.47,0.13
916,Bulgaria,BGR,2006,0.28,2.78,3.36,0.47,0.13
917,Bulgaria,BGR,2007,0.28,2.76,3.38,0.47,0.13
918,Bulgaria,BGR,2008,0.28,2.74,3.41,0.47,0.14
919,Bulgaria,BGR,2009,0.29,2.72,3.44,0.47,0.14
920,Bulgaria,BGR,2010,0.29,2.71,3.44,0.47,0.14
921,Bulgaria,BGR,2011,0.29,2.7,3.43,0.47,0.14
922,Bulgaria,BGR,2012,0.29,2.69,3.42,0.47,0.14
923,Bulgaria,BGR,2013,0.29,2.68,3.41,0.47,0.15
924,Bulgaria,BGR,2014,0.29,2.68,3.4,0.47,0.15
925,Bulgaria,BGR,2015,0.29,2.67,3.39,0.47,0.15
926,Bulgaria,BGR,2016,0.29,2.68,3.39,0.47,0.15
927,Bulgaria,BGR,2017,0.29,2.69,3.39,0.47,0.15
928,Bulgaria,BGR,2018,0.29,2.69,3.39,0.47,0.16
929,Bulgaria,BGR,2019,0.29,2.69,3.4,0.47,0.16
930,Burkina Faso,BFA,1990,0.2,4.46,3.08,0.54,0.08
931,Burkina Faso,BFA,1991,0.2,4.41,3.07,0.54,0.08
932,Burkina Faso,BFA,1992,0.2,4.36,3.07,0.54,0.08
933,Burkina Faso,BFA,1993,0.2,4.32,3.07,0.54,0.08
934,Burkina Faso,BFA,1994,0.2,4.29,3.06,0.54,0.08
935,Burkina Faso,BFA,1995,0.2,4.27,3.06,0.54,0.08
936,Burkina Faso,BFA,1996,0.2,4.26,3.06,0.54,0.08
937,Burkina Faso,BFA,1997,0.2,4.26,3.06,0.54,0.08
938,Burkina Faso,BFA,1998,0.21,4.26,3.07,0.54,0.08
939,Burkina Faso,BFA,1999,0.21,4.25,3.07,0.54,0.08
940,Burkina Faso,BFA,2000,0.21,4.25,3.07,0.54,0.08
941,Burkina Faso,BFA,2001,0.21,4.27,3.07,0.54,0.08
942,Burkina Faso,BFA,2002,0.21,4.3,3.07,0.54,0.08
943,Burkina Faso,BFA,2003,0.21,4.33,3.07,0.54,0.08
944,Burkina Faso,BFA,2004,0.21,4.36,3.08,0.54,0.08
945,Burkina Faso,BFA,2005,0.21,4.37,3.08,0.54,0.08
946,Burkina Faso,BFA,2006,0.21,4.37,3.08,0.54,0.08
947,Burkina Faso,BFA,2007,0.21,4.36,3.08,0.54,0.08
948,Burkina Faso,BFA,2008,0.21,4.35,3.08,0.54,0.08
949,Burkina Faso,BFA,2009,0.21,4.34,3.08,0.54,0.08
950,Burkina Faso,BFA,2010,0.21,4.34,3.08,0.54,0.08
951,Burkina Faso,BFA,2011,0.21,4.36,3.08,0.54,0.09
952,Burkina Faso,BFA,2012,0.21,4.41,3.09,0.54,0.09
953,Burkina Faso,BFA,2013,0.21,4.47,3.1,0.54,0.09
954,Burkina Faso,BFA,2014,0.21,4.52,3.11,0.54,0.09
955,Burkina Faso,BFA,2015,0.21,4.55,3.11,0.54,0.09
956,Burkina Faso,BFA,2016,0.21,4.55,3.12,0.54,0.09
957,Burkina Faso,BFA,2017,0.21,4.54,3.13,0.54,0.09
958,Burkina Faso,BFA,2018,0.21,4.49,3.13,0.54,0.09
959,Burkina Faso,BFA,2019,0.21,4.38,3.12,0.54,0.09
960,Burundi,BDI,1990,0.2,5.55,3.57,0.58,0.08
961,Burundi,BDI,1991,0.2,5.54,3.57,0.58,0.08
962,Burundi,BDI,1992,0.2,5.54,3.57,0.58,0.08
963,Burundi,BDI,1993,0.2,5.52,3.56,0.58,0.08
964,Burundi,BDI,1994,0.2,5.51,3.56,0.58,0.08
965,Burundi,BDI,1995,0.2,5.5,3.56,0.58,0.08
966,Burundi,BDI,1996,0.2,5.47,3.57,0.58,0.08
967,Burundi,BDI,1997,0.2,5.43,3.57,0.58,0.07
968,Burundi,BDI,1998,0.2,5.39,3.57,0.58,0.07
969,Burundi,BDI,1999,0.2,5.33,3.57,0.58,0.07
970,Burundi,BDI,2000,0.2,5.29,3.57,0.58,0.07
971,Burundi,BDI,2001,0.2,5.24,3.57,0.58,0.07
972,Burundi,BDI,2002,0.2,5.18,3.57,0.58,0.07
973,Burundi,BDI,2003,0.2,5.12,3.56,0.58,0.07
974,Burundi,BDI,2004,0.2,5.06,3.56,0.58,0.07
975,Burundi,BDI,2005,0.2,5.0,3.55,0.58,0.07
976,Burundi,BDI,2006,0.2,4.95,3.55,0.58,0.07
977,Burundi,BDI,2007,0.2,4.89,3.54,0.58,0.07
978,Burundi,BDI,2008,0.2,4.84,3.54,0.58,0.07
979,Burundi,BDI,2009,0.2,4.79,3.54,0.58,0.07
980,Burundi,BDI,2010,0.2,4.76,3.54,0.58,0.07
981,Burundi,BDI,2011,0.2,4.74,3.54,0.58,0.07
982,Burundi,BDI,2012,0.2,4.73,3.56,0.58,0.07
983,Burundi,BDI,2013,0.2,4.71,3.58,0.58,0.07
984,Burundi,BDI,2014,0.2,4.7,3.6,0.58,0.07
985,Burundi,BDI,2015,0.2,4.7,3.61,0.58,0.07
986,Burundi,BDI,2016,0.2,4.7,3.62,0.58,0.07
987,Burundi,BDI,2017,0.2,4.7,3.63,0.58,0.07
988,Burundi,BDI,2018,0.2,4.7,3.64,0.58,0.07
989,Burundi,BDI,2019,0.2,4.71,3.64,0.58,0.07
990,Cambodia,KHM,1990,0.26,3.25,4.43,0.32,0.06
991,Cambodia,KHM,1991,0.26,3.25,4.43,0.32,0.06
992,Cambodia,KHM,1992,0.26,3.25,4.44,0.32,0.06
993,Cambodia,KHM,1993,0.26,3.25,4.44,0.32,0.06
994,Cambodia,KHM,1994,0.26,3.25,4.45,0.32,0.06
995,Cambodia,KHM,1995,0.26,3.25,4.45,0.32,0.06
996,Cambodia,KHM,1996,0.26,3.24,4.45,0.32,0.06
997,Cambodia,KHM,1997,0.26,3.23,4.45,0.32,0.06
998,Cambodia,KHM,1998,0.26,3.22,4.45,0.32,0.06
999,Cambodia,KHM,1999,0.26,3.2,4.45,0.32,0.06
1000,Cambodia,KHM,2000,0.26,3.19,4.45,0.32,0.06
1001,Cambodia,KHM,2001,0.26,3.17,4.45,0.32,0.06
1002,Cambodia,KHM,2002,0.26,3.15,4.45,0.32,0.06
1003,Cambodia,KHM,2003,0.26,3.13,4.44,0.32,0.06
1004,Cambodia,KHM,2004,0.26,3.11,4.44,0.32,0.06
1005,Cambodia,KHM,2005,0.26,3.09,4.44,0.32,0.07
1006,Cambodia,KHM,2006,0.26,3.07,4.45,0.32,0.07
1007,Cambodia,KHM,2007,0.26,3.04,4.46,0.32,0.07
1008,Cambodia,KHM,2008,0.26,3.02,4.48,0.32,0.07
1009,Cambodia,KHM,2009,0.27,3.01,4.5,0.32,0.07
1010,Cambodia,KHM,2010,0.27,2.99,4.51,0.32,0.07
1011,Cambodia,KHM,2011,0.27,2.99,4.52,0.32,0.07
1012,Cambodia,KHM,2012,0.27,2.98,4.54,0.32,0.07
1013,Cambodia,KHM,2013,0.27,2.97,4.55,0.32,0.08
1014,Cambodia,KHM,2014,0.27,2.97,4.56,0.32,0.08
1015,Cambodia,KHM,2015,0.27,2.97,4.57,0.32,0.08
1016,Cambodia,KHM,2016,0.27,2.96,4.57,0.32,0.08
1017,Cambodia,KHM,2017,0.27,2.96,4.57,0.32,0.08
1018,Cambodia,KHM,2018,0.27,2.96,4.57,0.32,0.08
1019,Cambodia,KHM,2019,0.27,2.95,4.58,0.32,0.08
1020,Cameroon,CMR,1990,0.21,4.49,3.18,0.53,0.11
1021,Cameroon,CMR,1991,0.21,4.49,3.18,0.53,0.11
1022,Cameroon,CMR,1992,0.21,4.5,3.18,0.53,0.11
1023,Cameroon,CMR,1993,0.21,4.51,3.18,0.53,0.11
1024,Cameroon,CMR,1994,0.21,4.51,3.18,0.53,0.11
1025,Cameroon,CMR,1995,0.21,4.52,3.18,0.53,0.11
1026,Cameroon,CMR,1996,0.21,4.53,3.18,0.53,0.1
1027,Cameroon,CMR,1997,0.21,4.55,3.18,0.53,0.1
1028,Cameroon,CMR,1998,0.21,4.57,3.18,0.53,0.1
1029,Cameroon,CMR,1999,0.21,4.59,3.18,0.53,0.1
1030,Cameroon,CMR,2000,0.21,4.6,3.18,0.53,0.1
1031,Cameroon,CMR,2001,0.21,4.6,3.18,0.53,0.1
1032,Cameroon,CMR,2002,0.21,4.61,3.18,0.53,0.1
1033,Cameroon,CMR,2003,0.21,4.61,3.18,0.53,0.1
1034,Cameroon,CMR,2004,0.21,4.62,3.18,0.53,0.1
1035,Cameroon,CMR,2005,0.21,4.62,3.19,0.53,0.1
1036,Cameroon,CMR,2006,0.21,4.62,3.18,0.53,0.1
1037,Cameroon,CMR,2007,0.21,4.62,3.18,0.53,0.1
1038,Cameroon,CMR,2008,0.21,4.63,3.18,0.53,0.11
1039,Cameroon,CMR,2009,0.21,4.63,3.18,0.53,0.1
1040,Cameroon,CMR,2010,0.21,4.63,3.18,0.53,0.11
1041,Cameroon,CMR,2011,0.21,4.62,3.19,0.53,0.11
1042,Cameroon,CMR,2012,0.21,4.62,3.19,0.53,0.11
1043,Cameroon,CMR,2013,0.21,4.61,3.2,0.53,0.11
1044,Cameroon,CMR,2014,0.21,4.6,3.2,0.53,0.11
1045,Cameroon,CMR,2015,0.21,4.6,3.2,0.53,0.11
1046,Cameroon,CMR,2016,0.21,4.6,3.21,0.53,0.11
1047,Cameroon,CMR,2017,0.21,4.59,3.21,0.53,0.11
1048,Cameroon,CMR,2018,0.21,4.6,3.21,0.53,0.11
1049,Cameroon,CMR,2019,0.21,4.6,3.2,0.53,0.11
1050,Canada,CAN,1990,0.29,3.3,4.44,0.78,0.41
1051,Canada,CAN,1991,0.29,3.31,4.44,0.78,0.41
1052,Canada,CAN,1992,0.29,3.33,4.44,0.78,0.4
1053,Canada,CAN,1993,0.29,3.35,4.43,0.78,0.4
1054,Canada,CAN,1994,0.29,3.37,4.43,0.78,0.4
1055,Canada,CAN,1995,0.29,3.38,4.43,0.78,0.4
1056,Canada,CAN,1996,0.29,3.4,4.32,0.78,0.4
1057,Canada,CAN,1997,0.29,3.43,4.06,0.78,0.41
1058,Canada,CAN,1998,0.29,3.46,3.75,0.78,0.41
1059,Canada,CAN,1999,0.29,3.48,3.49,0.78,0.41
1060,Canada,CAN,2000,0.29,3.48,3.38,0.78,0.41
1061,Canada,CAN,2001,0.29,3.46,3.38,0.78,0.41
1062,Canada,CAN,2002,0.29,3.42,3.38,0.79,0.41
1063,Canada,CAN,2003,0.29,3.37,3.38,0.8,0.41
1064,Canada,CAN,2004,0.29,3.31,3.38,0.8,0.42
1065,Canada,CAN,2005,0.29,3.27,3.38,0.81,0.42
1066,Canada,CAN,2006,0.29,3.24,3.48,0.81,0.42
1067,Canada,CAN,2007,0.29,3.21,3.69,0.81,0.42
1068,Canada,CAN,2008,0.29,3.18,3.95,0.81,0.42
1069,Canada,CAN,2009,0.29,3.16,4.17,0.81,0.42
1070,Canada,CAN,2010,0.29,3.15,4.28,0.81,0.42
1071,Canada,CAN,2011,0.29,3.16,4.3,0.81,0.42
1072,Canada,CAN,2012,0.29,3.19,4.31,0.81,0.42
1073,Canada,CAN,2013,0.29,3.22,4.32,0.81,0.42
1074,Canada,CAN,2014,0.29,3.24,4.33,0.81,0.43
1075,Canada,CAN,2015,0.29,3.25,4.34,0.81,0.43
1076,Canada,CAN,2016,0.29,3.25,4.35,0.81,0.43
1077,Canada,CAN,2017,0.29,3.25,4.35,0.81,0.43
1078,Canada,CAN,2018,0.29,3.26,4.34,0.81,0.43
1079,Canada,CAN,2019,0.29,3.29,4.32,0.81,0.43
1080,Cape Verde,CPV,1990,0.22,4.6,3.08,0.58,0.1
1081,Cape Verde,CPV,1991,0.22,4.62,3.07,0.58,0.1
1082,Cape Verde,CPV,1992,0.22,4.65,3.07,0.58,0.1
1083,Cape Verde,CPV,1993,0.22,4.68,3.07,0.58,0.1
1084,Cape Verde,CPV,1994,0.22,4.71,3.07,0.58,0.1
1085,Cape Verde,CPV,1995,0.22,4.74,3.07,0.58,0.1
1086,Cape Verde,CPV,1996,0.22,4.77,3.07,0.58,0.11
1087,Cape Verde,CPV,1997,0.22,4.81,3.07,0.58,0.11
1088,Cape Verde,CPV,1998,0.22,4.86,3.07,0.58,0.11
1089,Cape Verde,CPV,1999,0.22,4.9,3.07,0.58,0.11
1090,Cape Verde,CPV,2000,0.22,4.93,3.07,0.58,0.11
1091,Cape Verde,CPV,2001,0.22,4.96,3.07,0.58,0.11
1092,Cape Verde,CPV,2002,0.23,4.99,3.07,0.58,0.11
1093,Cape Verde,CPV,2003,0.23,5.01,3.06,0.58,0.12
1094,Cape Verde,CPV,2004,0.23,5.03,3.06,0.58,0.12
1095,Cape Verde,CPV,2005,0.23,5.04,3.06,0.58,0.12
1096,Cape Verde,CPV,2006,0.23,5.03,3.06,0.58,0.12
1097,Cape Verde,CPV,2007,0.23,5.02,3.06,0.58,0.12
1098,Cape Verde,CPV,2008,0.23,5.0,3.05,0.58,0.13
1099,Cape Verde,CPV,2009,0.23,4.97,3.05,0.58,0.13
1100,Cape Verde,CPV,2010,0.23,4.96,3.05,0.58,0.13
1101,Cape Verde,CPV,2011,0.23,4.95,3.05,0.58,0.13
1102,Cape Verde,CPV,2012,0.23,4.93,3.06,0.58,0.13
1103,Cape Verde,CPV,2013,0.23,4.92,3.07,0.58,0.13
1104,Cape Verde,CPV,2014,0.23,4.91,3.08,0.58,0.13
1105,Cape Verde,CPV,2015,0.23,4.9,3.08,0.58,0.13
1106,Cape Verde,CPV,2016,0.23,4.89,3.09,0.58,0.14
1107,Cape Verde,CPV,2017,0.23,4.88,3.09,0.58,0.14
1108,Cape Verde,CPV,2018,0.23,4.87,3.09,0.58,0.14
1109,Cape Verde,CPV,2019,0.23,4.84,3.09,0.58,0.14
1110,Central African Republic,CAF,1990,0.2,6.01,4.2,0.53,0.08
1111,Central African Republic,CAF,1991,0.2,6.01,4.2,0.53,0.08
1112,Central African Republic,CAF,1992,0.2,6.02,4.2,0.53,0.08
1113,Central African Republic,CAF,1993,0.2,6.02,4.2,0.53,0.08
1114,Central African Republic,CAF,1994,0.2,6.02,4.2,0.53,0.08
1115,Central African Republic,CAF,1995,0.2,6.03,4.2,0.53,0.08
1116,Central African Republic,CAF,1996,0.2,6.03,4.2,0.53,0.08
1117,Central African Republic,CAF,1997,0.2,6.03,4.2,0.53,0.08
1118,Central African Republic,CAF,1998,0.2,6.04,4.21,0.53,0.08
1119,Central African Republic,CAF,1999,0.2,6.04,4.21,0.53,0.08
1120,Central African Republic,CAF,2000,0.2,6.04,4.21,0.53,0.08
1121,Central African Republic,CAF,2001,0.2,6.04,4.21,0.53,0.08
1122,Central African Republic,CAF,2002,0.2,6.03,4.22,0.53,0.08
1123,Central African Republic,CAF,2003,0.2,6.01,4.22,0.53,0.08
1124,Central African Republic,CAF,2004,0.2,6.0,4.23,0.53,0.08
1125,Central African Republic,CAF,2005,0.2,5.99,4.23,0.53,0.08
1126,Central African Republic,CAF,2006,0.2,5.98,4.23,0.53,0.08
1127,Central African Republic,CAF,2007,0.19,5.96,4.23,0.53,0.08
1128,Central African Republic,CAF,2008,0.19,5.94,4.23,0.53,0.08
1129,Central African Republic,CAF,2009,0.19,5.92,4.24,0.53,0.08
1130,Central African Republic,CAF,2010,0.19,5.92,4.24,0.53,0.08
1131,Central African Republic,CAF,2011,0.19,5.92,4.26,0.53,0.08
1132,Central African Republic,CAF,2012,0.19,5.92,4.28,0.53,0.07
1133,Central African Republic,CAF,2013,0.19,5.93,4.32,0.53,0.07
1134,Central African Republic,CAF,2014,0.19,5.93,4.35,0.53,0.07
1135,Central African Republic,CAF,2015,0.19,5.93,4.37,0.53,0.07
1136,Central African Republic,CAF,2016,0.19,5.93,4.4,0.53,0.07
1137,Central African Republic,CAF,2017,0.19,5.92,4.42,0.53,0.07
1138,Central African Republic,CAF,2018,0.19,5.92,4.42,0.53,0.07
1139,Central African Republic,CAF,2019,0.19,5.92,4.41,0.53,0.07
1140,Chad,TCD,1990,0.21,5.03,3.21,0.54,0.08
1141,Chad,TCD,1991,0.21,5.03,3.21,0.54,0.08
1142,Chad,TCD,1992,0.21,5.03,3.21,0.54,0.08
1143,Chad,TCD,1993,0.21,5.04,3.21,0.54,0.08
1144,Chad,TCD,1994,0.21,5.04,3.21,0.54,0.08
1145,Chad,TCD,1995,0.21,5.05,3.21,0.54,0.08
1146,Chad,TCD,1996,0.21,5.08,3.21,0.54,0.08
1147,Chad,TCD,1997,0.21,5.14,3.21,0.54,0.08
1148,Chad,TCD,1998,0.21,5.22,3.22,0.54,0.08
1149,Chad,TCD,1999,0.21,5.29,3.22,0.54,0.08
1150,Chad,TCD,2000,0.21,5.32,3.22,0.54,0.08
1151,Chad,TCD,2001,0.21,5.33,3.23,0.54,0.08
1152,Chad,TCD,2002,0.21,5.34,3.23,0.54,0.08
1153,Chad,TCD,2003,0.21,5.35,3.23,0.54,0.08
1154,Chad,TCD,2004,0.21,5.36,3.23,0.54,0.08
1155,Chad,TCD,2005,0.21,5.36,3.23,0.54,0.09
1156,Chad,TCD,2006,0.21,5.35,3.23,0.54,0.09
1157,Chad,TCD,2007,0.21,5.35,3.24,0.54,0.09
1158,Chad,TCD,2008,0.21,5.34,3.25,0.54,0.09
1159,Chad,TCD,2009,0.21,5.34,3.26,0.54,0.09
1160,Chad,TCD,2010,0.21,5.33,3.27,0.54,0.09
1161,Chad,TCD,2011,0.21,5.31,3.28,0.54,0.09
1162,Chad,TCD,2012,0.21,5.27,3.29,0.54,0.09
1163,Chad,TCD,2013,0.21,5.21,3.31,0.54,0.09
1164,Chad,TCD,2014,0.21,5.17,3.33,0.54,0.1
1165,Chad,TCD,2015,0.21,5.14,3.34,0.54,0.1
1166,Chad,TCD,2016,0.21,5.14,3.36,0.54,0.1
1167,Chad,TCD,2017,0.21,5.13,3.37,0.54,0.1
1168,Chad,TCD,2018,0.21,5.13,3.37,0.54,0.1
1169,Chad,TCD,2019,0.21,5.13,3.37,0.54,0.1
1170,Chile,CHL,1990,0.31,4.36,5.39,0.94,0.27
1171,Chile,CHL,1991,0.31,4.35,5.39,0.94,0.27
1172,Chile,CHL,1992,0.31,4.34,5.39,0.94,0.27
1173,Chile,CHL,1993,0.31,4.32,5.39,0.94,0.28
1174,Chile,CHL,1994,0.31,4.31,5.38,0.94,0.28
1175,Chile,CHL,1995,0.31,4.28,5.38,0.94,0.29
1176,Chile,CHL,1996,0.31,4.25,5.38,0.94,0.29
1177,Chile,CHL,1997,0.31,4.22,5.37,0.94,0.29
1178,Chile,CHL,1998,0.31,4.17,5.37,0.94,0.3
1179,Chile,CHL,1999,0.31,4.13,5.37,0.94,0.3
1180,Chile,CHL,2000,0.31,4.11,5.36,0.94,0.3
1181,Chile,CHL,2001,0.31,4.1,5.39,0.95,0.3
1182,Chile,CHL,2002,0.31,4.09,5.44,0.96,0.31
1183,Chile,CHL,2003,0.31,4.09,5.51,0.98,0.31
1184,Chile,CHL,2004,0.32,4.09,5.56,0.99,0.31
1185,Chile,CHL,2005,0.32,4.08,5.59,1.0,0.31
1186,Chile,CHL,2006,0.32,4.03,5.59,1.0,0.31
1187,Chile,CHL,2007,0.32,3.92,5.59,1.0,0.32
1188,Chile,CHL,2008,0.32,3.8,5.59,1.0,0.32
1189,Chile,CHL,2009,0.32,3.7,5.58,1.0,0.32
1190,Chile,CHL,2010,0.32,3.66,5.58,1.0,0.33
1191,Chile,CHL,2011,0.32,3.66,5.57,1.0,0.33
1192,Chile,CHL,2012,0.32,3.67,5.55,1.0,0.34
1193,Chile,CHL,2013,0.32,3.67,5.52,1.0,0.34
1194,Chile,CHL,2014,0.32,3.68,5.49,1.0,0.34
1195,Chile,CHL,2015,0.32,3.69,5.48,1.0,0.35
1196,Chile,CHL,2016,0.32,3.69,5.46,1.0,0.35
1197,Chile,CHL,2017,0.32,3.68,5.45,1.0,0.36
1198,Chile,CHL,2018,0.32,3.67,5.45,1.0,0.36
1199,Chile,CHL,2019,0.32,3.64,5.46,1.0,0.36
1200,China,CHN,1990,0.3,3.0,3.51,0.18,0.07
1201,China,CHN,1991,0.3,3.05,3.51,0.18,0.07
1202,China,CHN,1992,0.3,3.09,3.5,0.18,0.07
1203,China,CHN,1993,0.3,3.12,3.5,0.18,0.07
1204,China,CHN,1994,0.3,3.13,3.5,0.18,0.07
1205,China,CHN,1995,0.3,3.12,3.5,0.18,0.07
1206,China,CHN,1996,0.3,3.1,3.52,0.18,0.07
1207,China,CHN,1997,0.3,3.05,3.56,0.18,0.07
1208,China,CHN,1998,0.3,3.0,3.6,0.18,0.07
1209,China,CHN,1999,0.3,2.94,3.63,0.18,0.07
1210,China,CHN,2000,0.3,2.91,3.63,0.18,0.07
1211,China,CHN,2001,0.3,2.9,3.59,0.18,0.07
1212,China,CHN,2002,0.3,2.89,3.51,0.18,0.07
1213,China,CHN,2003,0.3,2.88,3.42,0.18,0.08
1214,China,CHN,2004,0.3,2.88,3.34,0.18,0.08
1215,China,CHN,2005,0.3,2.86,3.29,0.18,0.08
1216,China,CHN,2006,0.3,2.84,3.28,0.18,0.08
1217,China,CHN,2007,0.3,2.8,3.28,0.18,0.08
1218,China,CHN,2008,0.3,2.77,3.27,0.18,0.08
1219,China,CHN,2009,0.3,2.74,3.27,0.18,0.09
1220,China,CHN,2010,0.3,2.72,3.26,0.18,0.09
1221,China,CHN,2011,0.3,2.72,3.24,0.18,0.09
1222,China,CHN,2012,0.3,2.73,3.19,0.18,0.09
1223,China,CHN,2013,0.3,2.73,3.15,0.18,0.1
1224,China,CHN,2014,0.3,2.74,3.11,0.18,0.1
1225,China,CHN,2015,0.3,2.75,3.1,0.18,0.1
1226,China,CHN,2016,0.31,2.74,3.16,0.18,0.11
1227,China,CHN,2017,0.31,2.74,3.21,0.18,0.11
1228,China,CHN,2018,0.31,2.73,3.21,0.18,0.11
1229,China,CHN,2019,0.31,2.72,3.16,0.18,0.11
1230,Colombia,COL,1990,0.28,2.41,4.61,0.74,0.18
1231,Colombia,COL,1991,0.28,2.42,4.6,0.74,0.18
1232,Colombia,COL,1992,0.28,2.43,4.6,0.74,0.18
1233,Colombia,COL,1993,0.28,2.44,4.6,0.74,0.18
1234,Colombia,COL,1994,0.28,2.45,4.61,0.74,0.18
1235,Colombia,COL,1995,0.28,2.46,4.61,0.74,0.19
1236,Colombia,COL,1996,0.28,2.48,4.68,0.74,0.19
1237,Colombia,COL,1997,0.28,2.51,4.83,0.74,0.19
1238,Colombia,COL,1998,0.28,2.55,5.02,0.74,0.19
1239,Colombia,COL,1999,0.28,2.58,5.17,0.74,0.19
1240,Colombia,COL,2000,0.28,2.59,5.24,0.74,0.19
1241,Colombia,COL,2001,0.28,2.6,5.25,0.74,0.19
1242,Colombia,COL,2002,0.28,2.61,5.25,0.74,0.19
1243,Colombia,COL,2003,0.28,2.61,5.25,0.74,0.19
1244,Colombia,COL,2004,0.28,2.6,5.25,0.74,0.19
1245,Colombia,COL,2005,0.28,2.6,5.25,0.74,0.19
1246,Colombia,COL,2006,0.28,2.56,5.12,0.74,0.19
1247,Colombia,COL,2007,0.28,2.48,4.81,0.74,0.19
1248,Colombia,COL,2008,0.28,2.39,4.44,0.74,0.19
1249,Colombia,COL,2009,0.28,2.3,4.13,0.74,0.2
1250,Colombia,COL,2010,0.28,2.25,4.0,0.74,0.2
1251,Colombia,COL,2011,0.28,2.23,4.0,0.74,0.2
1252,Colombia,COL,2012,0.28,2.21,4.0,0.74,0.2
1253,Colombia,COL,2013,0.28,2.19,4.01,0.74,0.21
1254,Colombia,COL,2014,0.28,2.18,4.02,0.74,0.21
1255,Colombia,COL,2015,0.28,2.17,4.03,0.74,0.21
1256,Colombia,COL,2016,0.28,2.19,4.35,0.74,0.22
1257,Colombia,COL,2017,0.28,2.2,4.68,0.74,0.22
1258,Colombia,COL,2018,0.28,2.21,4.7,0.74,0.22
1259,Colombia,COL,2019,0.28,2.22,4.7,0.74,0.22
1260,Comoros,COM,1990,0.22,4.42,3.46,0.61,0.09
1261,Comoros,COM,1991,0.22,4.41,3.46,0.61,0.09
1262,Comoros,COM,1992,0.22,4.41,3.46,0.61,0.09
1263,Comoros,COM,1993,0.22,4.4,3.46,0.61,0.09
1264,Comoros,COM,1994,0.22,4.39,3.46,0.61,0.09
1265,Comoros,COM,1995,0.22,4.38,3.46,0.61,0.09
1266,Comoros,COM,1996,0.22,4.37,3.46,0.61,0.09
1267,Comoros,COM,1997,0.22,4.36,3.46,0.61,0.09
1268,Comoros,COM,1998,0.22,4.34,3.46,0.61,0.09
1269,Comoros,COM,1999,0.22,4.33,3.46,0.61,0.09
1270,Comoros,COM,2000,0.22,4.32,3.46,0.61,0.09
1271,Comoros,COM,2001,0.22,4.31,3.46,0.61,0.09
1272,Comoros,COM,2002,0.22,4.29,3.46,0.61,0.09
1273,Comoros,COM,2003,0.22,4.27,3.46,0.61,0.09
1274,Comoros,COM,2004,0.22,4.26,3.46,0.61,0.09
1275,Comoros,COM,2005,0.22,4.25,3.46,0.61,0.09
1276,Comoros,COM,2006,0.22,4.24,3.45,0.61,0.09
1277,Comoros,COM,2007,0.22,4.22,3.45,0.61,0.09
1278,Comoros,COM,2008,0.22,4.21,3.44,0.61,0.09
1279,Comoros,COM,2009,0.22,4.2,3.44,0.61,0.09
1280,Comoros,COM,2010,0.22,4.19,3.44,0.61,0.09
1281,Comoros,COM,2011,0.22,4.2,3.45,0.61,0.09
1282,Comoros,COM,2012,0.22,4.2,3.46,0.61,0.09
1283,Comoros,COM,2013,0.22,4.21,3.48,0.61,0.09
1284,Comoros,COM,2014,0.22,4.22,3.5,0.61,0.09
1285,Comoros,COM,2015,0.22,4.22,3.52,0.61,0.09
1286,Comoros,COM,2016,0.22,4.23,3.54,0.61,0.09
1287,Comoros,COM,2017,0.22,4.24,3.55,0.61,0.09
1288,Comoros,COM,2018,0.22,4.25,3.56,0.61,0.09
1289,Comoros,COM,2019,0.22,4.26,3.55,0.61,0.09
1290,Congo,COG,1990,0.21,5.96,3.73,0.55,0.13
1291,Congo,COG,1991,0.21,5.95,3.73,0.55,0.12
1292,Congo,COG,1992,0.21,5.94,3.73,0.55,0.12
1293,Congo,COG,1993,0.21,5.94,3.73,0.55,0.12
1294,Congo,COG,1994,0.21,5.93,3.73,0.55,0.12
1295,Congo,COG,1995,0.21,5.93,3.73,0.55,0.12
1296,Congo,COG,1996,0.21,5.94,3.73,0.55,0.12
1297,Congo,COG,1997,0.21,5.97,3.73,0.55,0.12
1298,Congo,COG,1998,0.21,6.01,3.73,0.55,0.12
1299,Congo,COG,1999,0.21,6.03,3.73,0.55,0.12
1300,Congo,COG,2000,0.21,6.04,3.73,0.55,0.12
1301,Congo,COG,2001,0.21,6.02,3.73,0.55,0.12
1302,Congo,COG,2002,0.21,5.99,3.73,0.55,0.12
1303,Congo,COG,2003,0.21,5.96,3.73,0.55,0.12
1304,Congo,COG,2004,0.21,5.92,3.73,0.55,0.12
1305,Congo,COG,2005,0.21,5.89,3.73,0.55,0.12
1306,Congo,COG,2006,0.21,5.87,3.73,0.55,0.12
1307,Congo,COG,2007,0.21,5.83,3.73,0.55,0.12
1308,Congo,COG,2008,0.21,5.8,3.73,0.55,0.12
1309,Congo,COG,2009,0.21,5.76,3.73,0.55,0.12
1310,Congo,COG,2010,0.21,5.73,3.73,0.55,0.12
1311,Congo,COG,2011,0.21,5.7,3.73,0.55,0.12
1312,Congo,COG,2012,0.21,5.65,3.73,0.55,0.13
1313,Congo,COG,2013,0.21,5.6,3.74,0.55,0.13
1314,Congo,COG,2014,0.22,5.55,3.74,0.55,0.13
1315,Congo,COG,2015,0.22,5.53,3.74,0.55,0.13
1316,Congo,COG,2016,0.22,5.52,3.75,0.55,0.13
1317,Congo,COG,2017,0.22,5.51,3.75,0.55,0.13
1318,Congo,COG,2018,0.22,5.52,3.75,0.55,0.13
1319,Congo,COG,2019,0.22,5.53,3.74,0.55,0.13
1320,Cook Islands,COK,1990,0.31,3.12,3.9,0.28,0.12
1321,Cook Islands,COK,1991,0.31,3.12,3.9,0.28,0.13
1322,Cook Islands,COK,1992,0.31,3.13,3.91,0.28,0.13
1323,Cook Islands,COK,1993,0.31,3.13,3.91,0.28,0.13
1324,Cook Islands,COK,1994,0.31,3.14,3.92,0.28,0.13
1325,Cook Islands,COK,1995,0.31,3.14,3.92,0.28,0.13
1326,Cook Islands,COK,1996,0.31,3.14,3.92,0.28,0.13
1327,Cook Islands,COK,1997,0.31,3.13,3.93,0.28,0.13
1328,Cook Islands,COK,1998,0.31,3.13,3.94,0.28,0.13
1329,Cook Islands,COK,1999,0.31,3.12,3.95,0.28,0.13
1330,Cook Islands,COK,2000,0.31,3.12,3.95,0.28,0.13
1331,Cook Islands,COK,2001,0.31,3.12,3.94,0.28,0.13
1332,Cook Islands,COK,2002,0.31,3.12,3.94,0.28,0.13
1333,Cook Islands,COK,2003,0.31,3.12,3.93,0.28,0.14
1334,Cook Islands,COK,2004,0.31,3.13,3.93,0.28,0.14
1335,Cook Islands,COK,2005,0.31,3.13,3.93,0.28,0.14
1336,Cook Islands,COK,2006,0.31,3.13,3.93,0.28,0.14
1337,Cook Islands,COK,2007,0.31,3.14,3.95,0.28,0.14
1338,Cook Islands,COK,2008,0.31,3.14,3.97,0.28,0.14
1339,Cook Islands,COK,2009,0.31,3.15,3.99,0.28,0.14
1340,Cook Islands,COK,2010,0.31,3.15,4.0,0.28,0.14
1341,Cook Islands,COK,2011,0.31,3.15,4.02,0.28,0.14
1342,Cook Islands,COK,2012,0.31,3.15,4.03,0.28,0.15
1343,Cook Islands,COK,2013,0.31,3.15,4.04,0.28,0.15
1344,Cook Islands,COK,2014,0.31,3.16,4.05,0.28,0.15
1345,Cook Islands,COK,2015,0.31,3.16,4.06,0.28,0.15
1346,Cook Islands,COK,2016,0.31,3.16,4.05,0.28,0.15
1347,Cook Islands,COK,2017,0.31,3.16,4.05,0.28,0.15
1348,Cook Islands,COK,2018,0.31,3.16,4.06,0.28,0.16
1349,Cook Islands,COK,2019,0.31,3.16,4.09,0.28,0.16
1350,Costa Rica,CRI,1990,0.28,3.08,4.03,0.87,0.19
1351,Costa Rica,CRI,1991,0.28,3.08,4.03,0.87,0.19
1352,Costa Rica,CRI,1992,0.28,3.08,4.03,0.87,0.19
1353,Costa Rica,CRI,1993,0.28,3.08,4.04,0.87,0.19
1354,Costa Rica,CRI,1994,0.28,3.08,4.04,0.87,0.19
1355,Costa Rica,CRI,1995,0.28,3.08,4.04,0.87,0.19
1356,Costa Rica,CRI,1996,0.28,3.09,4.04,0.87,0.2
1357,Costa Rica,CRI,1997,0.28,3.1,4.04,0.87,0.2
1358,Costa Rica,CRI,1998,0.28,3.12,4.04,0.87,0.2
1359,Costa Rica,CRI,1999,0.28,3.13,4.04,0.87,0.2
1360,Costa Rica,CRI,2000,0.28,3.14,4.04,0.87,0.2
1361,Costa Rica,CRI,2001,0.28,3.15,4.04,0.87,0.2
1362,Costa Rica,CRI,2002,0.28,3.15,4.04,0.87,0.2
1363,Costa Rica,CRI,2003,0.28,3.16,4.05,0.87,0.2
1364,Costa Rica,CRI,2004,0.28,3.17,4.05,0.87,0.2
1365,Costa Rica,CRI,2005,0.28,3.17,4.05,0.87,0.21
1366,Costa Rica,CRI,2006,0.28,3.17,4.06,0.87,0.21
1367,Costa Rica,CRI,2007,0.28,3.18,4.07,0.87,0.21
1368,Costa Rica,CRI,2008,0.28,3.18,4.08,0.87,0.21
1369,Costa Rica,CRI,2009,0.29,3.18,4.09,0.87,0.22
1370,Costa Rica,CRI,2010,0.29,3.19,4.1,0.87,0.22
1371,Costa Rica,CRI,2011,0.29,3.19,4.11,0.87,0.22
1372,Costa Rica,CRI,2012,0.29,3.19,4.13,0.87,0.22
1373,Costa Rica,CRI,2013,0.29,3.2,4.15,0.87,0.22
1374,Costa Rica,CRI,2014,0.29,3.2,4.17,0.87,0.23
1375,Costa Rica,CRI,2015,0.29,3.2,4.18,0.87,0.23
1376,Costa Rica,CRI,2016,0.29,3.21,4.19,0.87,0.23
1377,Costa Rica,CRI,2017,0.29,3.21,4.19,0.87,0.23
1378,Costa Rica,CRI,2018,0.29,3.21,4.19,0.87,0.24
1379,Costa Rica,CRI,2019,0.29,3.21,4.2,0.87,0.24
1380,Cote d'Ivoire,CIV,1990,0.21,3.93,3.19,0.53,0.11
1381,Cote d'Ivoire,CIV,1991,0.21,3.93,3.19,0.53,0.11
1382,Cote d'Ivoire,CIV,1992,0.21,3.93,3.18,0.53,0.11
1383,Cote d'Ivoire,CIV,1993,0.21,3.93,3.18,0.53,0.11
1384,Cote d'Ivoire,CIV,1994,0.21,3.93,3.17,0.53,0.11
1385,Cote d'Ivoire,CIV,1995,0.21,3.94,3.17,0.53,0.11
1386,Cote d'Ivoire,CIV,1996,0.21,3.93,3.17,0.53,0.11
1387,Cote d'Ivoire,CIV,1997,0.21,3.93,3.18,0.53,0.11
1388,Cote d'Ivoire,CIV,1998,0.21,3.92,3.18,0.53,0.11
1389,Cote d'Ivoire,CIV,1999,0.21,3.92,3.18,0.53,0.11
1390,Cote d'Ivoire,CIV,2000,0.21,3.91,3.18,0.53,0.11
1391,Cote d'Ivoire,CIV,2001,0.21,3.91,3.18,0.53,0.11
1392,Cote d'Ivoire,CIV,2002,0.21,3.9,3.19,0.53,0.11
1393,Cote d'Ivoire,CIV,2003,0.21,3.9,3.19,0.53,0.11
1394,Cote d'Ivoire,CIV,2004,0.21,3.89,3.19,0.53,0.1
1395,Cote d'Ivoire,CIV,2005,0.21,3.88,3.19,0.53,0.1
1396,Cote d'Ivoire,CIV,2006,0.21,3.88,3.19,0.53,0.1
1397,Cote d'Ivoire,CIV,2007,0.21,3.87,3.19,0.53,0.1
1398,Cote d'Ivoire,CIV,2008,0.21,3.86,3.19,0.53,0.1
1399,Cote d'Ivoire,CIV,2009,0.21,3.85,3.19,0.53,0.1
1400,Cote d'Ivoire,CIV,2010,0.21,3.85,3.19,0.53,0.1
1401,Cote d'Ivoire,CIV,2011,0.21,3.86,3.19,0.53,0.1
1402,Cote d'Ivoire,CIV,2012,0.21,3.87,3.2,0.53,0.1
1403,Cote d'Ivoire,CIV,2013,0.21,3.89,3.22,0.53,0.11
1404,Cote d'Ivoire,CIV,2014,0.21,3.9,3.23,0.53,0.11
1405,Cote d'Ivoire,CIV,2015,0.21,3.91,3.23,0.53,0.11
1406,Cote d'Ivoire,CIV,2016,0.21,3.92,3.24,0.53,0.11
1407,Cote d'Ivoire,CIV,2017,0.21,3.92,3.24,0.53,0.11
1408,Cote d'Ivoire,CIV,2018,0.21,3.93,3.24,0.53,0.11
1409,Cote d'Ivoire,CIV,2019,0.21,3.94,3.24,0.53,0.11
1410,Croatia,HRV,1990,0.29,3.47,3.53,0.55,0.15
1411,Croatia,HRV,1991,0.29,3.46,3.53,0.55,0.15
1412,Croatia,HRV,1992,0.29,3.45,3.53,0.55,0.15
1413,Croatia,HRV,1993,0.29,3.44,3.53,0.55,0.15
1414,Croatia,HRV,1994,0.29,3.43,3.53,0.55,0.14
1415,Croatia,HRV,1995,0.29,3.42,3.53,0.55,0.14
1416,Croatia,HRV,1996,0.29,3.4,3.54,0.55,0.14
1417,Croatia,HRV,1997,0.29,3.38,3.54,0.55,0.14
1418,Croatia,HRV,1998,0.29,3.35,3.54,0.55,0.14
1419,Croatia,HRV,1999,0.29,3.32,3.55,0.55,0.14
1420,Croatia,HRV,2000,0.29,3.3,3.55,0.55,0.14
1421,Croatia,HRV,2001,0.29,3.27,3.55,0.55,0.14
1422,Croatia,HRV,2002,0.29,3.24,3.55,0.55,0.15
1423,Croatia,HRV,2003,0.29,3.2,3.54,0.55,0.15
1424,Croatia,HRV,2004,0.29,3.17,3.54,0.55,0.15
1425,Croatia,HRV,2005,0.29,3.15,3.54,0.55,0.15
1426,Croatia,HRV,2006,0.29,3.12,3.54,0.55,0.15
1427,Croatia,HRV,2007,0.29,3.1,3.54,0.55,0.16
1428,Croatia,HRV,2008,0.29,3.08,3.54,0.55,0.16
1429,Croatia,HRV,2009,0.29,3.06,3.54,0.55,0.16
1430,Croatia,HRV,2010,0.29,3.04,3.54,0.55,0.16
1431,Croatia,HRV,2011,0.29,3.03,3.54,0.55,0.16
1432,Croatia,HRV,2012,0.29,3.02,3.55,0.55,0.16
1433,Croatia,HRV,2013,0.29,3.01,3.56,0.55,0.16
1434,Croatia,HRV,2014,0.29,3.0,3.57,0.55,0.16
1435,Croatia,HRV,2015,0.29,3.0,3.58,0.55,0.16
1436,Croatia,HRV,2016,0.29,3.0,3.58,0.55,0.16
1437,Croatia,HRV,2017,0.29,3.01,3.58,0.55,0.17
1438,Croatia,HRV,2018,0.29,3.01,3.59,0.55,0.17
1439,Croatia,HRV,2019,0.29,3.01,3.6,0.54,0.17
1440,Cuba,CUB,1990,0.28,4.88,4.2,0.95,0.19
1441,Cuba,CUB,1991,0.28,4.85,4.19,0.95,0.18
1442,Cuba,CUB,1992,0.28,4.81,4.19,0.95,0.18
1443,Cuba,CUB,1993,0.28,4.77,4.18,0.95,0.17
1444,Cuba,CUB,1994,0.28,4.73,4.18,0.95,0.17
1445,Cuba,CUB,1995,0.28,4.68,4.18,0.95,0.17
1446,Cuba,CUB,1996,0.28,4.63,4.18,0.95,0.16
1447,Cuba,CUB,1997,0.28,4.57,4.18,0.95,0.16
1448,Cuba,CUB,1998,0.28,4.51,4.18,0.95,0.16
1449,Cuba,CUB,1999,0.27,4.44,4.19,0.95,0.16
1450,Cuba,CUB,2000,0.27,4.38,4.19,0.95,0.16
1451,Cuba,CUB,2001,0.28,4.31,4.18,0.95,0.16
1452,Cuba,CUB,2002,0.28,4.24,4.18,0.95,0.16
1453,Cuba,CUB,2003,0.28,4.17,4.18,0.95,0.16
1454,Cuba,CUB,2004,0.28,4.1,4.18,0.95,0.16
1455,Cuba,CUB,2005,0.28,4.03,4.18,0.95,0.17
1456,Cuba,CUB,2006,0.28,3.97,4.18,0.95,0.17
1457,Cuba,CUB,2007,0.28,3.9,4.18,0.95,0.17
1458,Cuba,CUB,2008,0.28,3.84,4.19,0.95,0.17
1459,Cuba,CUB,2009,0.28,3.79,4.2,0.95,0.17
1460,Cuba,CUB,2010,0.28,3.77,4.2,0.95,0.18
1461,Cuba,CUB,2011,0.28,3.76,4.21,0.95,0.18
1462,Cuba,CUB,2012,0.28,3.77,4.22,0.95,0.18
1463,Cuba,CUB,2013,0.28,3.77,4.23,0.95,0.18
1464,Cuba,CUB,2014,0.28,3.77,4.24,0.95,0.18
1465,Cuba,CUB,2015,0.28,3.77,4.24,0.95,0.19
1466,Cuba,CUB,2016,0.28,3.77,4.24,0.95,0.19
1467,Cuba,CUB,2017,0.28,3.77,4.24,0.95,0.19
1468,Cuba,CUB,2018,0.28,3.78,4.24,0.95,0.19
1469,Cuba,CUB,2019,0.28,3.8,4.25,0.95,0.19
1470,Cyprus,CYP,1990,0.27,3.11,6.31,0.91,0.34
1471,Cyprus,CYP,1991,0.27,3.09,6.32,0.91,0.34
1472,Cyprus,CYP,1992,0.27,3.07,6.32,0.91,0.35
1473,Cyprus,CYP,1993,0.27,3.05,6.33,0.91,0.35
1474,Cyprus,CYP,1994,0.27,3.04,6.34,0.91,0.35
1475,Cyprus,CYP,1995,0.27,3.03,6.34,0.91,0.36
1476,Cyprus,CYP,1996,0.27,3.03,6.35,0.91,0.36
1477,Cyprus,CYP,1997,0.27,3.04,6.36,0.91,0.36
1478,Cyprus,CYP,1998,0.27,3.04,6.37,0.91,0.36
1479,Cyprus,CYP,1999,0.27,3.04,6.38,0.91,0.37
1480,Cyprus,CYP,2000,0.27,3.04,6.38,0.91,0.37
1481,Cyprus,CYP,2001,0.27,3.04,6.39,0.91,0.37
1482,Cyprus,CYP,2002,0.27,3.04,6.41,0.91,0.38
1483,Cyprus,CYP,2003,0.27,3.03,6.42,0.91,0.38
1484,Cyprus,CYP,2004,0.27,3.03,6.44,0.91,0.38
1485,Cyprus,CYP,2005,0.27,3.03,6.45,0.91,0.39
1486,Cyprus,CYP,2006,0.27,3.02,6.46,0.91,0.39
1487,Cyprus,CYP,2007,0.27,3.0,6.46,0.91,0.4
1488,Cyprus,CYP,2008,0.27,2.98,6.47,0.91,0.4
1489,Cyprus,CYP,2009,0.27,2.97,6.48,0.91,0.4
1490,Cyprus,CYP,2010,0.27,2.96,6.48,0.91,0.41
1491,Cyprus,CYP,2011,0.27,2.97,6.49,0.91,0.4
1492,Cyprus,CYP,2012,0.27,2.98,6.5,0.91,0.4
1493,Cyprus,CYP,2013,0.27,3.0,6.51,0.91,0.4
1494,Cyprus,CYP,2014,0.27,3.01,6.52,0.91,0.4
1495,Cyprus,CYP,2015,0.27,3.02,6.52,0.91,0.4
1496,Cyprus,CYP,2016,0.27,3.02,6.5,0.91,0.4
1497,Cyprus,CYP,2017,0.28,3.01,6.47,0.91,0.41
1498,Cyprus,CYP,2018,0.27,3.04,6.47,0.91,0.41
1499,Cyprus,CYP,2019,0.27,3.11,6.47,0.91,0.41
1500,Czechia,CZE,1990,0.29,3.28,3.19,0.55,0.16
1501,Czechia,CZE,1991,0.29,3.28,3.2,0.55,0.16
1502,Czechia,CZE,1992,0.29,3.28,3.2,0.55,0.16
1503,Czechia,CZE,1993,0.29,3.27,3.21,0.55,0.16
1504,Czechia,CZE,1994,0.29,3.26,3.21,0.55,0.16
1505,Czechia,CZE,1995,0.29,3.25,3.21,0.55,0.16
1506,Czechia,CZE,1996,0.29,3.24,3.21,0.55,0.16
1507,Czechia,CZE,1997,0.29,3.21,3.2,0.55,0.16
1508,Czechia,CZE,1998,0.29,3.17,3.2,0.55,0.16
1509,Czechia,CZE,1999,0.29,3.13,3.2,0.55,0.16
1510,Czechia,CZE,2000,0.29,3.11,3.2,0.55,0.16
1511,Czechia,CZE,2001,0.29,3.09,3.2,0.55,0.17
1512,Czechia,CZE,2002,0.29,3.07,3.2,0.55,0.17
1513,Czechia,CZE,2003,0.29,3.05,3.19,0.55,0.17
1514,Czechia,CZE,2004,0.29,3.03,3.19,0.55,0.17
1515,Czechia,CZE,2005,0.29,3.02,3.19,0.55,0.17
1516,Czechia,CZE,2006,0.3,3.0,3.19,0.55,0.17
1517,Czechia,CZE,2007,0.3,2.99,3.19,0.55,0.18
1518,Czechia,CZE,2008,0.3,2.97,3.19,0.55,0.18
1519,Czechia,CZE,2009,0.3,2.95,3.19,0.55,0.18
1520,Czechia,CZE,2010,0.3,2.94,3.18,0.55,0.18
1521,Czechia,CZE,2011,0.3,2.93,3.18,0.55,0.18
1522,Czechia,CZE,2012,0.3,2.91,3.18,0.55,0.18
1523,Czechia,CZE,2013,0.3,2.9,3.17,0.55,0.18
1524,Czechia,CZE,2014,0.3,2.89,3.17,0.55,0.19
1525,Czechia,CZE,2015,0.3,2.88,3.16,0.55,0.19
1526,Czechia,CZE,2016,0.3,2.88,3.15,0.55,0.19
1527,Czechia,CZE,2017,0.3,2.88,3.14,0.55,0.19
1528,Czechia,CZE,2018,0.3,2.88,3.14,0.55,0.19
1529,Czechia,CZE,2019,0.3,2.88,3.15,0.55,0.19
1530,Democratic Republic of Congo,COD,1990,0.21,5.59,3.83,0.56,0.09
1531,Democratic Republic of Congo,COD,1991,0.21,5.58,3.82,0.56,0.09
1532,Democratic Republic of Congo,COD,1992,0.21,5.57,3.82,0.56,0.08
1533,Democratic Republic of Congo,COD,1993,0.21,5.57,3.82,0.56,0.08
1534,Democratic Republic of Congo,COD,1994,0.21,5.56,3.82,0.56,0.08
1535,Democratic Republic of Congo,COD,1995,0.21,5.55,3.82,0.56,0.08
1536,Democratic Republic of Congo,COD,1996,0.21,5.54,3.82,0.56,0.08
1537,Democratic Republic of Congo,COD,1997,0.2,5.54,3.82,0.56,0.07
1538,Democratic Republic of Congo,COD,1998,0.2,5.52,3.82,0.56,0.07
1539,Democratic Republic of Congo,COD,1999,0.2,5.51,3.82,0.56,0.07
1540,Democratic Republic of Congo,COD,2000,0.2,5.51,3.82,0.56,0.07
1541,Democratic Republic of Congo,COD,2001,0.2,5.5,3.82,0.56,0.07
1542,Democratic Republic of Congo,COD,2002,0.2,5.49,3.82,0.56,0.07
1543,Democratic Republic of Congo,COD,2003,0.2,5.48,3.82,0.56,0.07
1544,Democratic Republic of Congo,COD,2004,0.2,5.47,3.82,0.56,0.07
1545,Democratic Republic of Congo,COD,2005,0.2,5.46,3.82,0.56,0.06
1546,Democratic Republic of Congo,COD,2006,0.2,5.45,3.81,0.56,0.06
1547,Democratic Republic of Congo,COD,2007,0.2,5.44,3.81,0.56,0.06
1548,Democratic Republic of Congo,COD,2008,0.2,5.42,3.8,0.56,0.06
1549,Democratic Republic of Congo,COD,2009,0.2,5.41,3.8,0.56,0.06
1550,Democratic Republic of Congo,COD,2010,0.2,5.4,3.8,0.56,0.06
1551,Democratic Republic of Congo,COD,2011,0.2,5.41,3.8,0.56,0.06
1552,Democratic Republic of Congo,COD,2012,0.2,5.41,3.81,0.56,0.07
1553,Democratic Republic of Congo,COD,2013,0.2,5.42,3.81,0.56,0.07
1554,Democratic Republic of Congo,COD,2014,0.2,5.42,3.82,0.56,0.07
1555,Democratic Republic of Congo,COD,2015,0.2,5.43,3.82,0.56,0.07
1556,Democratic Republic of Congo,COD,2016,0.2,5.42,3.83,0.56,0.07
1557,Democratic Republic of Congo,COD,2017,0.2,5.42,3.83,0.56,0.07
1558,Democratic Republic of Congo,COD,2018,0.2,5.43,3.83,0.56,0.07
1559,Democratic Republic of Congo,COD,2019,0.2,5.44,3.82,0.56,0.07
1560,Denmark,DNK,1990,0.22,4.39,4.81,0.95,0.41
1561,Denmark,DNK,1991,0.22,4.36,4.82,0.95,0.41
1562,Denmark,DNK,1992,0.22,4.33,4.82,0.95,0.41
1563,Denmark,DNK,1993,0.22,4.29,4.83,0.95,0.42
1564,Denmark,DNK,1994,0.22,4.25,4.83,0.95,0.42
1565,Denmark,DNK,1995,0.22,4.2,4.84,0.95,0.42
1566,Denmark,DNK,1996,0.22,4.15,4.84,0.95,0.42
1567,Denmark,DNK,1997,0.22,4.07,4.84,0.95,0.42
1568,Denmark,DNK,1998,0.22,3.99,4.83,0.95,0.43
1569,Denmark,DNK,1999,0.22,3.91,4.83,0.95,0.43
1570,Denmark,DNK,2000,0.22,3.84,4.83,0.95,0.43
1571,Denmark,DNK,2001,0.22,3.79,4.83,0.95,0.44
1572,Denmark,DNK,2002,0.22,3.74,4.83,0.95,0.44
1573,Denmark,DNK,2003,0.21,3.69,4.83,0.94,0.44
1574,Denmark,DNK,2004,0.21,3.65,4.84,0.94,0.45
1575,Denmark,DNK,2005,0.21,3.62,4.84,0.94,0.45
1576,Denmark,DNK,2006,0.22,3.58,4.83,0.94,0.45
1577,Denmark,DNK,2007,0.22,3.55,4.83,0.94,0.45
1578,Denmark,DNK,2008,0.23,3.52,4.82,0.94,0.46
1579,Denmark,DNK,2009,0.24,3.5,4.82,0.94,0.46
1580,Denmark,DNK,2010,0.24,3.49,4.82,0.94,0.46
1581,Denmark,DNK,2011,0.24,3.49,4.83,0.94,0.46
1582,Denmark,DNK,2012,0.24,3.49,4.85,0.94,0.46
1583,Denmark,DNK,2013,0.24,3.49,4.87,0.94,0.46
1584,Denmark,DNK,2014,0.24,3.49,4.89,0.94,0.46
1585,Denmark,DNK,2015,0.24,3.49,4.9,0.94,0.46
1586,Denmark,DNK,2016,0.24,3.48,4.89,0.94,0.46
1587,Denmark,DNK,2017,0.24,3.47,4.89,0.94,0.47
1588,Denmark,DNK,2018,0.24,3.47,4.88,0.94,0.47
1589,Denmark,DNK,2019,0.24,3.48,4.87,0.94,0.47
1590,Djibouti,DJI,1990,0.22,4.44,3.22,0.61,0.11
1591,Djibouti,DJI,1991,0.22,4.44,3.22,0.61,0.11
1592,Djibouti,DJI,1992,0.22,4.43,3.22,0.61,0.11
1593,Djibouti,DJI,1993,0.22,4.43,3.22,0.61,0.11
1594,Djibouti,DJI,1994,0.22,4.43,3.22,0.61,0.1
1595,Djibouti,DJI,1995,0.22,4.43,3.22,0.61,0.1
1596,Djibouti,DJI,1996,0.22,4.43,3.22,0.61,0.1
1597,Djibouti,DJI,1997,0.22,4.44,3.22,0.61,0.1
1598,Djibouti,DJI,1998,0.22,4.45,3.22,0.61,0.1
1599,Djibouti,DJI,1999,0.22,4.45,3.22,0.61,0.1
1600,Djibouti,DJI,2000,0.22,4.45,3.22,0.61,0.1
1601,Djibouti,DJI,2001,0.22,4.46,3.22,0.61,0.1
1602,Djibouti,DJI,2002,0.22,4.46,3.22,0.61,0.1
1603,Djibouti,DJI,2003,0.22,4.46,3.22,0.61,0.1
1604,Djibouti,DJI,2004,0.22,4.46,3.22,0.61,0.1
1605,Djibouti,DJI,2005,0.22,4.46,3.23,0.61,0.1
1606,Djibouti,DJI,2006,0.22,4.46,3.23,0.61,0.1
1607,Djibouti,DJI,2007,0.22,4.45,3.23,0.61,0.1
1608,Djibouti,DJI,2008,0.22,4.44,3.22,0.61,0.1
1609,Djibouti,DJI,2009,0.22,4.43,3.22,0.61,0.1
1610,Djibouti,DJI,2010,0.22,4.43,3.23,0.61,0.1
1611,Djibouti,DJI,2011,0.22,4.43,3.23,0.61,0.1
1612,Djibouti,DJI,2012,0.22,4.43,3.24,0.61,0.1
1613,Djibouti,DJI,2013,0.22,4.43,3.24,0.61,0.1
1614,Djibouti,DJI,2014,0.22,4.43,3.25,0.61,0.1
1615,Djibouti,DJI,2015,0.22,4.43,3.25,0.61,0.11
1616,Djibouti,DJI,2016,0.22,4.44,3.26,0.61,0.11
1617,Djibouti,DJI,2017,0.22,4.44,3.26,0.61,0.11
1618,Djibouti,DJI,2018,0.22,4.45,3.26,0.61,0.11
1619,Djibouti,DJI,2019,0.22,4.46,3.25,0.61,0.11
1620,Dominica,DMA,1990,0.27,3.07,4.23,0.9,0.18
1621,Dominica,DMA,1991,0.27,3.03,4.22,0.9,0.18
1622,Dominica,DMA,1992,0.27,3.01,4.21,0.9,0.18
1623,Dominica,DMA,1993,0.27,2.98,4.21,0.9,0.18
1624,Dominica,DMA,1994,0.27,2.96,4.2,0.9,0.18
1625,Dominica,DMA,1995,0.27,2.96,4.2,0.9,0.18
1626,Dominica,DMA,1996,0.27,2.96,4.2,0.9,0.18
1627,Dominica,DMA,1997,0.27,2.96,4.2,0.9,0.19
1628,Dominica,DMA,1998,0.27,2.96,4.2,0.9,0.19
1629,Dominica,DMA,1999,0.27,2.97,4.2,0.9,0.19
1630,Dominica,DMA,2000,0.27,2.97,4.2,0.9,0.19
1631,Dominica,DMA,2001,0.27,2.97,4.2,0.9,0.19
1632,Dominica,DMA,2002,0.27,2.98,4.2,0.9,0.19
1633,Dominica,DMA,2003,0.27,2.98,4.19,0.9,0.19
1634,Dominica,DMA,2004,0.27,2.98,4.19,0.9,0.19
1635,Dominica,DMA,2005,0.27,2.98,4.19,0.9,0.19
1636,Dominica,DMA,2006,0.27,2.97,4.19,0.9,0.19
1637,Dominica,DMA,2007,0.27,2.96,4.19,0.9,0.2
1638,Dominica,DMA,2008,0.27,2.94,4.2,0.9,0.2
1639,Dominica,DMA,2009,0.27,2.93,4.21,0.9,0.2
1640,Dominica,DMA,2010,0.27,2.93,4.22,0.9,0.2
1641,Dominica,DMA,2011,0.27,2.93,4.22,0.9,0.2
1642,Dominica,DMA,2012,0.27,2.95,4.24,0.9,0.2
1643,Dominica,DMA,2013,0.27,2.97,4.26,0.9,0.21
1644,Dominica,DMA,2014,0.27,2.98,4.27,0.9,0.21
1645,Dominica,DMA,2015,0.27,2.99,4.28,0.9,0.21
1646,Dominica,DMA,2016,0.27,3.0,4.28,0.9,0.21
1647,Dominica,DMA,2017,0.27,3.0,4.28,0.9,0.21
1648,Dominica,DMA,2018,0.27,3.03,4.28,0.9,0.21
1649,Dominica,DMA,2019,0.27,3.08,4.28,0.9,0.21
1650,Dominican Republic,DOM,1990,0.27,3.77,4.47,0.91,0.18
1651,Dominican Republic,DOM,1991,0.27,3.77,4.47,0.91,0.18
1652,Dominican Republic,DOM,1992,0.27,3.78,4.46,0.91,0.18
1653,Dominican Republic,DOM,1993,0.27,3.78,4.46,0.91,0.18
1654,Dominican Republic,DOM,1994,0.27,3.78,4.45,0.91,0.18
1655,Dominican Republic,DOM,1995,0.27,3.79,4.45,0.91,0.18
1656,Dominican Republic,DOM,1996,0.27,3.81,4.45,0.91,0.18
1657,Dominican Republic,DOM,1997,0.27,3.84,4.45,0.91,0.18
1658,Dominican Republic,DOM,1998,0.27,3.89,4.45,0.91,0.18
1659,Dominican Republic,DOM,1999,0.27,3.93,4.45,0.91,0.18
1660,Dominican Republic,DOM,2000,0.27,3.95,4.45,0.91,0.19
1661,Dominican Republic,DOM,2001,0.27,3.96,4.44,0.91,0.19
1662,Dominican Republic,DOM,2002,0.27,3.97,4.44,0.91,0.19
1663,Dominican Republic,DOM,2003,0.27,3.98,4.43,0.91,0.19
1664,Dominican Republic,DOM,2004,0.27,3.98,4.43,0.91,0.19
1665,Dominican Republic,DOM,2005,0.27,3.98,4.42,0.91,0.19
1666,Dominican Republic,DOM,2006,0.27,3.97,4.43,0.91,0.2
1667,Dominican Republic,DOM,2007,0.27,3.95,4.44,0.91,0.2
1668,Dominican Republic,DOM,2008,0.27,3.93,4.45,0.91,0.2
1669,Dominican Republic,DOM,2009,0.27,3.91,4.46,0.91,0.2
1670,Dominican Republic,DOM,2010,0.27,3.89,4.47,0.91,0.2
1671,Dominican Republic,DOM,2011,0.27,3.87,4.47,0.91,0.21
1672,Dominican Republic,DOM,2012,0.27,3.85,4.48,0.91,0.21
1673,Dominican Republic,DOM,2013,0.27,3.82,4.49,0.91,0.21
1674,Dominican Republic,DOM,2014,0.28,3.8,4.49,0.91,0.21
1675,Dominican Republic,DOM,2015,0.28,3.79,4.5,0.91,0.22
1676,Dominican Republic,DOM,2016,0.28,3.79,4.49,0.91,0.22
1677,Dominican Republic,DOM,2017,0.28,3.79,4.49,0.91,0.22
1678,Dominican Republic,DOM,2018,0.28,3.8,4.49,0.91,0.23
1679,Dominican Republic,DOM,2019,0.28,3.82,4.5,0.91,0.23
1680,East Timor,TLS,1990,0.25,3.07,3.64,0.32,0.07
1681,East Timor,TLS,1991,0.25,3.07,3.64,0.32,0.07
1682,East Timor,TLS,1992,0.25,3.06,3.64,0.32,0.07
1683,East Timor,TLS,1993,0.25,3.06,3.64,0.32,0.07
1684,East Timor,TLS,1994,0.25,3.05,3.65,0.32,0.07
1685,East Timor,TLS,1995,0.25,3.04,3.65,0.32,0.07
1686,East Timor,TLS,1996,0.25,3.03,3.65,0.32,0.08
1687,East Timor,TLS,1997,0.25,3.0,3.66,0.32,0.08
1688,East Timor,TLS,1998,0.25,2.98,3.66,0.32,0.08
1689,East Timor,TLS,1999,0.25,2.95,3.66,0.32,0.08
1690,East Timor,TLS,2000,0.25,2.93,3.67,0.32,0.08
1691,East Timor,TLS,2001,0.25,2.92,3.67,0.32,0.08
1692,East Timor,TLS,2002,0.25,2.9,3.67,0.32,0.08
1693,East Timor,TLS,2003,0.25,2.89,3.67,0.32,0.08
1694,East Timor,TLS,2004,0.25,2.87,3.67,0.32,0.08
1695,East Timor,TLS,2005,0.26,2.86,3.67,0.32,0.08
1696,East Timor,TLS,2006,0.26,2.84,3.67,0.32,0.08
1697,East Timor,TLS,2007,0.26,2.83,3.68,0.32,0.09
1698,East Timor,TLS,2008,0.26,2.81,3.69,0.32,0.09
1699,East Timor,TLS,2009,0.26,2.8,3.7,0.32,0.09
1700,East Timor,TLS,2010,0.26,2.79,3.7,0.32,0.1
1701,East Timor,TLS,2011,0.26,2.79,3.71,0.32,0.1
1702,East Timor,TLS,2012,0.26,2.79,3.72,0.32,0.1
1703,East Timor,TLS,2013,0.26,2.79,3.73,0.32,0.1
1704,East Timor,TLS,2014,0.26,2.8,3.74,0.32,0.1
1705,East Timor,TLS,2015,0.26,2.8,3.75,0.32,0.1
1706,East Timor,TLS,2016,0.26,2.8,3.76,0.32,0.1
1707,East Timor,TLS,2017,0.26,2.8,3.77,0.32,0.1
1708,East Timor,TLS,2018,0.26,2.8,3.78,0.32,0.1
1709,East Timor,TLS,2019,0.26,2.8,3.8,0.32,0.09
1710,Ecuador,ECU,1990,0.27,3.28,5.12,0.91,0.24
1711,Ecuador,ECU,1991,0.27,3.28,5.11,0.91,0.25
1712,Ecuador,ECU,1992,0.27,3.28,5.09,0.91,0.25
1713,Ecuador,ECU,1993,0.27,3.28,5.09,0.91,0.25
1714,Ecuador,ECU,1994,0.27,3.29,5.08,0.91,0.25
1715,Ecuador,ECU,1995,0.27,3.29,5.08,0.91,0.25
1716,Ecuador,ECU,1996,0.27,3.3,5.08,0.91,0.25
1717,Ecuador,ECU,1997,0.27,3.31,5.09,0.91,0.25
1718,Ecuador,ECU,1998,0.27,3.33,5.1,0.91,0.25
1719,Ecuador,ECU,1999,0.27,3.34,5.11,0.91,0.25
1720,Ecuador,ECU,2000,0.27,3.35,5.11,0.91,0.25
1721,Ecuador,ECU,2001,0.27,3.35,5.11,0.91,0.25
1722,Ecuador,ECU,2002,0.27,3.36,5.11,0.91,0.25
1723,Ecuador,ECU,2003,0.27,3.36,5.11,0.91,0.25
1724,Ecuador,ECU,2004,0.27,3.36,5.1,0.91,0.25
1725,Ecuador,ECU,2005,0.27,3.36,5.1,0.91,0.25
1726,Ecuador,ECU,2006,0.27,3.36,5.1,0.91,0.25
1727,Ecuador,ECU,2007,0.27,3.36,5.11,0.91,0.25
1728,Ecuador,ECU,2008,0.27,3.35,5.12,0.91,0.26
1729,Ecuador,ECU,2009,0.27,3.35,5.13,0.91,0.26
1730,Ecuador,ECU,2010,0.27,3.35,5.13,0.91,0.26
1731,Ecuador,ECU,2011,0.27,3.34,5.15,0.91,0.27
1732,Ecuador,ECU,2012,0.28,3.34,5.17,0.91,0.27
1733,Ecuador,ECU,2013,0.28,3.34,5.19,0.91,0.27
1734,Ecuador,ECU,2014,0.28,3.34,5.21,0.91,0.28
1735,Ecuador,ECU,2015,0.28,3.33,5.22,0.91,0.28
1736,Ecuador,ECU,2016,0.28,3.33,5.21,0.91,0.28
1737,Ecuador,ECU,2017,0.28,3.33,5.21,0.91,0.28
1738,Ecuador,ECU,2018,0.28,3.33,5.22,0.91,0.28
1739,Ecuador,ECU,2019,0.28,3.33,5.23,0.91,0.28
1740,Egypt,EGY,1990,0.25,3.79,4.42,0.72,0.16
1741,Egypt,EGY,1991,0.25,3.82,4.42,0.72,0.16
1742,Egypt,EGY,1992,0.25,3.84,4.42,0.72,0.16
1743,Egypt,EGY,1993,0.25,3.86,4.42,0.72,0.16
1744,Egypt,EGY,1994,0.25,3.87,4.42,0.72,0.16
1745,Egypt,EGY,1995,0.25,3.87,4.41,0.72,0.16
1746,Egypt,EGY,1996,0.25,3.86,4.36,0.72,0.16
1747,Egypt,EGY,1997,0.25,3.82,4.23,0.72,0.16
1748,Egypt,EGY,1998,0.25,3.78,4.08,0.72,0.17
1749,Egypt,EGY,1999,0.25,3.75,3.96,0.72,0.17
1750,Egypt,EGY,2000,0.25,3.73,3.91,0.72,0.17
1751,Egypt,EGY,2001,0.25,3.73,3.91,0.72,0.17
1752,Egypt,EGY,2002,0.25,3.74,3.91,0.72,0.17
1753,Egypt,EGY,2003,0.25,3.74,3.92,0.72,0.17
1754,Egypt,EGY,2004,0.25,3.75,3.92,0.72,0.17
1755,Egypt,EGY,2005,0.25,3.75,3.93,0.72,0.18
1756,Egypt,EGY,2006,0.25,3.75,3.99,0.72,0.18
1757,Egypt,EGY,2007,0.25,3.75,4.12,0.72,0.18
1758,Egypt,EGY,2008,0.25,3.74,4.28,0.72,0.18
1759,Egypt,EGY,2009,0.25,3.74,4.42,0.72,0.18
1760,Egypt,EGY,2010,0.25,3.74,4.49,0.72,0.19
1761,Egypt,EGY,2011,0.25,3.76,4.52,0.72,0.19
1762,Egypt,EGY,2012,0.25,3.8,4.53,0.72,0.19
1763,Egypt,EGY,2013,0.25,3.85,4.55,0.72,0.19
1764,Egypt,EGY,2014,0.25,3.9,4.56,0.72,0.19
1765,Egypt,EGY,2015,0.25,3.92,4.57,0.72,0.19
1766,Egypt,EGY,2016,0.25,3.92,4.56,0.72,0.2
1767,Egypt,EGY,2017,0.25,3.91,4.56,0.72,0.2
1768,Egypt,EGY,2018,0.25,3.92,4.56,0.72,0.2
1769,Egypt,EGY,2019,0.25,3.94,4.59,0.72,0.2
1770,El Salvador,SLV,1990,0.26,3.71,4.21,0.82,0.16
1771,El Salvador,SLV,1991,0.26,3.71,4.21,0.82,0.16
1772,El Salvador,SLV,1992,0.26,3.71,4.22,0.82,0.16
1773,El Salvador,SLV,1993,0.26,3.7,4.23,0.82,0.16
1774,El Salvador,SLV,1994,0.26,3.7,4.23,0.82,0.16
1775,El Salvador,SLV,1995,0.26,3.69,4.23,0.82,0.16
1776,El Salvador,SLV,1996,0.26,3.68,4.24,0.83,0.16
1777,El Salvador,SLV,1997,0.26,3.66,4.24,0.83,0.16
1778,El Salvador,SLV,1998,0.26,3.64,4.24,0.83,0.17
1779,El Salvador,SLV,1999,0.27,3.62,4.24,0.83,0.17
1780,El Salvador,SLV,2000,0.27,3.6,4.24,0.83,0.17
1781,El Salvador,SLV,2001,0.27,3.58,4.25,0.83,0.17
1782,El Salvador,SLV,2002,0.27,3.56,4.25,0.83,0.17
1783,El Salvador,SLV,2003,0.27,3.54,4.26,0.83,0.17
1784,El Salvador,SLV,2004,0.27,3.52,4.27,0.83,0.17
1785,El Salvador,SLV,2005,0.27,3.51,4.28,0.83,0.18
1786,El Salvador,SLV,2006,0.27,3.49,4.29,0.83,0.18
1787,El Salvador,SLV,2007,0.27,3.48,4.31,0.83,0.18
